0,0,0.006410775
0,1,0.005735254
0,2,0.005237296
0,3,0.004873614
0,4,0.0045921234
0,5,0.0043472834000000005
0,6,0.004212568
0,7,0.004474484
0,8,0.0053775664
0,9,0.006712680699999999
0,10,0.007778294399999999
0,11,0.0074491054
0,12,0.004984027
0,13,0.002927661
0,14,0.0046509127
0,15,0.008152451
0,16,0.01126142
0,17,0.0140555
0,18,0.017274428
0,19,0.02161248
0,20,0.02763561
0,21,0.035650246000000003
0,22,0.045223914000000004
0,23,0.05486861
0,24,0.06273031
0,25,0.0672706
0,26,0.067538515
0,27,0.063932285
0,28,0.05805544
0,29,0.051446043
0,30,0.044932302
0,31,0.038853005
0,32,0.033352815
0,33,0.028494015
0,34,0.024283167
0,35,0.020688206
0,36,0.017656393
0,37,0.015126521
0,38,0.013035912
0,39,0.011323676999999999
0,40,0.0099325115
0,41,0.008809803
0,42,0.007908861
0,43,0.007189039
0,44,0.006615826
0,45,0.006160445
0,46,0.0057992106
0,47,0.00551291
0,48,0.00528608
0,49,0.005106273
1,0,0.005585362
1,1,0.004989906
1,2,0.004536941599999999
1,3,0.0042085564
1,4,0.003978443
1,5,0.0038135946
1,6,0.0037399563
1,7,0.003913208
1,8,0.0045398325
1,9,0.005691434699999999
1,10,0.0071912566
1,11,0.008445352
1,12,0.008248122
1,13,0.0057515274
1,14,0.0034718984000000003
1,15,0.004808805
1,16,0.008591341
1,17,0.013178552
1,18,0.01862174
1,19,0.025566775
1,20,0.034536615
1,21,-0.134574354
1,22,-0.21294659400000002
1,23,0.067554355
1,24,0.07518882
1,25,0.07869684
1,26,0.077691674
1,27,0.072851315
1,28,-0.294391394
1,29,-0.12252576299999998
1,30,0.049477123
1,31,0.042121865
1,32,0.035608724
1,33,0.029990729
1,34,0.025237516
1,35,0.021271167
1,36,0.017994437
1,37,0.015308953
1,38,0.013123195
1,39,0.011355253999999999
1,40,0.009933042
1,41,0.008794001
1,42,0.007884964
1,43,0.007161246600000001
1,44,0.00658605
1,45,0.006129193000000001
1,46,0.00576641
1,47,0.005478154
1,48,0.005248935
1,49,0.0050663515
2,0,0.0047417036
2,1,0.0042657126
2,2,0.0039206147
2,3,0.0037144064
2,4,0.003649443
2,5,0.0037139393
2,6,0.0038964944
2,7,0.0041814568
2,8,0.0045532820000000005
2,9,0.005095555999999999
2,10,0.0060042175
2,11,0.007350859699999999
2,12,0.008677775
2,13,0.008801303
2,14,0.0068564974
2,15,0.0047939997
2,16,0.0060358867000000005
2,17,0.01108066
2,18,0.018975804
2,19,0.029367765
2,20,0.04202881
2,21,-0.214145612
2,22,-0.20126723000000002
2,23,-0.19133712000000003
2,24,-0.185313095
2,25,-0.183180165
2,26,-0.1845464
2,27,-0.18898903
2,28,-0.19594562000000001
2,29,-0.11452968999999999
2,30,0.056349322
2,31,0.047627695
2,32,0.039856475
2,33,0.03322752
2,34,0.027712047000000004
2,35,0.023182857999999997
2,36,0.019488312
2,37,0.016486483
2,38,0.014055492
2,39,0.012093329
2,40,0.010514791
2,41,0.009248679000000001
2,42,0.008235535
2,43,0.007426151999999999
2,44,0.0067801764
2,45,0.0062646735
2,46,0.0058531375
2,47,0.005524136
2,48,0.005260819599999999
2,49,0.0050495216
3,0,0.004056298
3,1,0.0037460579
3,2,0.0035894890000000004
3,3,0.003626597
3,4,0.003899328
3,5,0.0044321334000000006
3,6,0.0051834225
3,7,0.005936472700000001
3,8,0.00637169
3,9,0.0064258119999999995
3,10,0.006371383
3,11,0.0066071153
3,12,0.0073935688
3,13,0.00845115
3,14,0.0088242935
3,15,0.007826306
3,16,0.006884911
3,17,0.00942095
3,18,0.017697094
3,19,0.031309385
3,20,0.047786802
3,21,-0.1165215
3,22,-0.19444441500000004
3,23,-0.096677184
3,24,-0.18255043400000004
3,25,-0.18119581500000004
3,26,-0.09205482999999999
3,27,-0.09490412
3,28,-0.099700414
3,29,-0.10635858
3,30,0.06547735
3,31,0.056526624000000004
3,32,0.047686577
3,33,0.039684348
3,34,0.032869983
3,35,0.027266089
3,36,0.022727797
3,37,0.019068588
3,38,0.016118437
3,39,0.0137386285
3,40,0.011818988
3,41,0.010271711999999999
3,42,0.00902587
3,43,0.008023714
3,44,0.0072180126
3,45,0.0065702973
3,46,0.0060493173
3,47,0.005629834300000001
3,48,0.0052915346
3,49,0.005018118
4,0,0.0036665094000000002
4,1,0.0035724514
4,2,0.0036971495
4,3,0.004120022
4,4,0.004926957
4,5,0.0061579784
4,6,0.007660105
4,7,0.008931988
4,8,0.009470526
4,9,0.009298217
4,10,0.008735654
4,11,0.008071584
4,12,0.007592243
4,13,0.007546709
4,14,0.007849915
4,15,0.007980777
4,16,0.007787505
4,17,0.008967416
4,18,0.015106878
4,19,0.02811585
4,20,0.044752955
4,21,-0.12030102299999999
4,22,-0.10955407499999999
4,23,-0.102790244
4,24,-0.09900985
4,25,-0.09736687999999999
4,26,-0.09733425
4,27,0.08136069
4,28,-0.10117280999999999
4,29,-0.104909145
4,30,0.07016731
4,31,0.0641402
4,32,0.05723458
4,33,0.049849525
4,34,0.042501405
4,35,0.035679925
4,36,0.029706668
4,37,0.024691543
4,38,0.020586124
4,39,0.01726693
4,40,0.014595753999999999
4,41,0.012447861999999999
4,42,0.010719791000000001
4,43,0.009328166
4,44,0.0082063805
4,45,0.0073010772
4,46,0.006569539
4,47,0.0059774998
4,48,0.0054974873
4,49,0.0051075554999999995
5,0,0.0035433046999999995
5,1,0.0037073726
5,2,0.0041886657
5,3,0.005100435
5,4,0.006537254
5,5,0.0084505575
5,6,0.0104202805
5,7,0.011688201
5,8,0.01190434
5,9,0.011457924
5,10,0.010793768
5,11,0.010049997
5,12,0.009240343
5,13,0.008430267
5,14,0.0077467709999999995
5,15,0.007286105
5,16,0.007219201999999999
5,17,0.008409919
5,18,0.012647985
5,19,0.021008107999999998
5,20,0.03206919
5,21,0.04313676
5,22,0.052375764000000005
5,23,0.05920890000000001
5,24,-0.11621350999999999
5,25,-0.11349508999999999
5,26,-0.1122401
5,27,0.06786508
5,28,0.06704668
5,29,0.06546047
5,30,0.06321043
5,31,0.060363725
5,32,0.056964505
5,33,0.053050164000000004
5,34,0.048671785999999995
5,35,0.04391829
5,36,0.038935885
5,37,0.03392881
5,38,0.029128917
5,39,0.024741802
5,40,0.020899735
5,41,0.017647035
5,42,0.014957708
5,43,0.012766187
5,44,0.010993622
5,45,0.00956394
5,46,0.008410759
5,47,0.0074790944
5,48,0.0067245313
5,49,0.006111799300000001
6,0,0.0034740358
6,1,0.003908303
6,2,0.0047673318
6,3,0.006169099399999999
6,4,0.008142721
6,5,0.010432059
6,6,0.012322266
6,7,0.013033427
6,8,0.012612661
6,9,0.011801401000000001
6,10,0.011100443
6,11,0.010543611000000001
6,12,0.009990076
6,13,0.009330391
6,14,0.008558900999999999
6,15,0.007840033
6,16,0.0075835734999999994
6,17,0.008443530999999999
6,18,0.011042273
6,19,0.015366873999999999
6,20,0.02072473
6,21,0.02639108
6,22,0.031849705
6,23,0.036691375
6,24,0.040625572
6,25,-0.13646408599999998
6,26,0.04546224
6,27,0.04653463
6,28,0.04691180599999999
6,29,0.04674244
6,30,0.046146292
6,31,0.045209527
6,32,0.043987423
6,33,0.042511652999999996
6,34,0.04079892
6,35,0.038858727
6,36,0.03669958
6,37,0.03433424
6,38,0.031785607
6,39,0.029093899
6,40,0.02632232
6,41,0.023555344
6,42,0.020887397
6,43,0.018405132
6,44,0.01617135
6,45,0.014217843
6,46,0.012547549
6,47,0.0111428425
6,48,0.009974607
6,49,0.009009672
7,0,0.0032103881
7,1,0.003891773
7,2,0.0050959657
7,3,0.0069042435
7,4,0.009211351999999999
7,5,0.011515392
7,6,0.012930448999999998
7,7,0.012872223
7,8,0.011797918999999999
7,9,0.01064678
7,10,0.009882595
7,11,0.00945611
7,12,0.009165044
7,13,0.008845945
7,14,0.00842472
7,15,0.007978592
7,16,0.00780644
7,17,0.008318935
7,18,0.00970676
7,19,0.011727001
7,20,0.013988452
7,21,0.016291454
7,22,0.018579828
7,23,0.020792404
7,24,0.022826113
7,25,0.024574101
7,26,0.025967088
7,27,0.026987169
7,28,0.02765736
7,29,0.028022025
7,30,0.028130292999999997
7,31,0.028025538
7,32,0.027741907000000003
7,33,0.027304727999999997
7,34,0.02673344
7,35,0.026044874
7,36,0.025255725
7,37,0.02438311
7,38,0.02344353
7,39,0.022450328
7,40,0.021412736
7,41,0.02033621
7,42,0.019225866
7,43,0.018089807
7,44,0.016941693
7,45,0.015800372
7,46,0.014687432
7,47,0.013624145
7,48,0.012628351999999999
7,49,0.011712953
8,0,0.0026275618
8,1,0.0035081534
8,2,0.0049981046
8,3,0.0071044974
8,4,0.009546991
8,5,0.011610607
8,6,0.012388547
8,7,0.011592198
8,8,0.00999672
8,9,0.008593826
8,10,0.0077471514
8,11,0.0073363986
8,12,0.0071541090000000005
8,13,0.0070698746
8,14,0.007029945
8,15,0.007041045500000001
8,16,0.007188621
8,17,0.007583876
8,18,0.008239233
8,19,0.0090470575
8,20,0.009897241999999999
8,21,0.010751023
8,22,0.01161071
8,23,0.012477417
8,24,0.013335393000000001
8,25,0.014155273999999999
8,26,0.014903903999999999
8,27,0.015553198999999998
8,28,0.01608489
8,29,0.016490862
8,30,0.01677066
8,31,0.01692891
8,32,0.016972914
8,33,0.016911041
8,34,0.016752724
8,35,0.016508528999999997
8,36,0.016190901
8,37,0.0158147
8,38,0.015396958
8,39,0.014955721000000002
8,40,0.014507829
8,41,0.014066396
8,42,0.013639136999999999
8,43,0.013228417
8,44,0.012832315
8,45,0.012446782
8,46,0.012067471000000001
8,47,0.011690958999999999
8,48,0.011315256000000001
8,49,0.010939901
9,0,0.0018019686
9,1,0.0028142565999999996
9,2,0.004517099
9,3,0.0068212925
9,4,0.009251815
9,5,0.010935083
9,6,0.011059358
9,7,0.009660105
9,8,0.007728554300000001
9,9,0.0062019564
9,10,0.0053101536
9,11,0.0048751733000000005
9,12,0.004706823
9,13,0.0047322214
9,14,0.0049505009999999995
9,15,0.005334706999999999
9,16,0.0057918867
9,17,0.0062119304
9,18,0.006548693
9,19,0.0068378336999999996
9,20,0.0071337717
9,21,0.0074651763
9,22,0.007837653
9,23,0.008246779000000001
9,24,0.008684645
9,25,0.009140518
9,26,0.009600705
9,27,0.01004884
9,28,0.010467844
9,29,0.010841766999999999
9,30,0.011157772
9,31,0.0114067625
9,32,0.011583716
9,33,0.011687033000000001
9,34,0.011717845
9,35,0.011679556
9,36,0.011577546999999999
9,37,0.011419138999999998
9,38,0.011213782
9,39,0.010973078999999998
9,40,0.010710275
9,41,0.010439061
9,42,0.010172069
9,43,0.009919323
9,44,0.009687234
9,45,0.0094786715
9,46,0.009293601
9,47,0.009130051
9,48,0.008984961
9,49,0.008854755
10,0,0.0009833369000000001
10,1,0.0020484296
10,2,0.0038792882
10,3,0.0063010934
10,4,0.0086323675
10,5,0.009881105
10,6,0.009408213
10,7,0.0075739576
10,8,0.0054988125
10,9,0.0039960667
10,10,0.003161055
10,11,0.0027848891999999997
10,12,0.0027067512
10,13,0.1928859503
10,14,0.003317697
10,15,0.003917231
10,16,0.00450171
10,17,0.0049058395
10,18,0.0051080007
10,19,0.005208003
10,20,0.00530959
10,21,0.005462717299999999
10,22,0.0056765312
10,23,0.0059437267000000005
10,24,0.0062536580000000005
10,25,0.006596093000000001
10,26,0.0069609326
10,27,0.007337268399999999
10,28,0.007712659
10,29,0.008073755
10,30,0.008407505
10,31,0.008702485
10,32,0.008949747
10,33,0.009143479
10,34,0.009280606
10,35,0.009360536
10,36,0.009384489000000001
10,37,0.009355301
10,38,0.009277226
10,39,0.0091560725
10,40,0.008999304
10,41,0.008816046999999999
10,42,0.008616565
10,43,0.008411407
10,44,0.008210262
10,45,0.008020916999999999
10,46,0.007848816
10,47,0.0076971194
10,48,0.007567138399999999
10,49,0.0074587604
11,0,0.00041526277
11,1,0.0014793053
11,2,0.0033675558
11,3,0.0058710417
11,4,0.008087022
11,5,0.008907484
11,6,0.007909501
11,7,0.0057721497
11,8,0.0036863615
11,9,0.0023173294
11,10,0.0016497141
11,11,0.0014661736999999999
11,12,0.2816282257
11,13,0.1920763297
11,14,0.0027250484999999996
11,15,0.0034072138
11,16,0.0039389379999999995
11,17,0.0042246147
11,18,0.004300061599999999
11,19,0.004279328
11,20,0.004266183
11,21,0.00431389
11,22,0.0044355440000000005
11,23,0.0046254448
11,24,0.0048720403999999995
11,25,0.005163262
11,26,0.0054878997999999995
11,27,0.005835328000000001
11,28,0.006194873
11,29,0.006555240600000001
11,30,0.0069047906
11,31,0.007232145
11,32,0.0075272964
11,33,0.0077821705
11,34,0.007991243
11,35,0.008151334
11,36,0.008261341
11,37,0.198321716
11,38,0.008334129000000001
11,39,0.008301265
11,40,0.008226932
11,41,0.008116173
11,42,0.007975465
11,43,0.007812533
11,44,0.0076361364
11,45,0.007455063499999999
11,46,0.0072773737
11,47,0.0071095517
11,48,0.006956358399999999
11,49,0.0068208836
12,0,0.00016004592
12,1,0.0012319944999999999
12,2,0.0031708768
12,3,0.005796745
12,4,0.007961429
12,5,0.008385181
12,6,0.006884255
12,7,0.004479637
12,8,0.0024271089999999998
12,9,0.0012560086
12,10,0.0008545657600000001
12,11,0.1909833025
12,12,0.1914770087
12,13,0.0021903934
12,14,0.0029333332000000003
12,15,0.0035239210999999998
12,16,0.0038761240000000003
12,17,0.0039999243
12,18,0.003959754
12,19,0.003844895
12,20,0.0037383968
12,21,0.0036924723999999997
12,22,0.0037271092
12,23,0.003841892
12,24,0.004027239
12,25,0.004270843
12,26,0.004560336
12,27,0.0048840920000000005
12,28,0.0052311434
12,29,0.0055908198
12,30,0.005952331700000001
12,31,0.0063046757
12,32,0.00663726
12,33,0.006940599
12,34,0.007207000600000001
12,35,0.0074310303000000005
12,36,0.0076094894
12,37,0.0077410764000000005
12,38,0.19782597600000001
12,39,0.007865334
12,40,0.007861187
12,41,0.007816277
12,42,0.007734188299999999
12,43,0.0076197414
12,44,0.0074789340000000004
12,45,0.0073190117
12,46,0.007147886
12,47,0.0069734934
12,48,0.0068028145
12,49,0.0066416413
13,0,0.00013135373999999998
13,1,0.0012676502
13,2,0.0033316314
13,3,0.0062101213
13,4,0.008474097
13,5,0.008537471999999999
13,6,0.006475132
13,7,0.0037492635
13,8,0.0017356612
13,9,0.00083280075
13,10,0.00079267845
13,11,0.0012809950999999999
13,12,0.0020311102
13,13,0.002801953
13,14,0.0034004240000000004
13,15,0.0037525827
13,16,0.0038933675
13,17,0.0038875118
13,18,0.0037848135
13,19,0.0036303052
13,20,0.0034742383000000003
13,21,0.0033614887
13,22,0.0033201342
13,23,0.0033602314
13,24,0.0034790466999999998
13,25,0.003667445
13,26,0.003914009
13,27,0.0042069047
13,28,0.0045349523
13,29,0.004887365
13,30,0.00525368
13,31,0.0056233234
13,32,0.005985534
13,33,0.00632973
13,34,0.0066463314
13,35,0.0069274562
13,36,0.007167463000000001
13,37,0.007362989
13,38,0.0075126393
13,39,0.007616466999999999
13,40,0.0076755643999999994
13,41,0.0076917373
13,42,0.0076671904
13,43,0.0076048183
13,44,0.007508315600000001
13,45,0.0073824893
13,46,0.0072333287
13,47,0.0070679053
13,48,0.00689375
13,49,0.0067182314
14,0,0.00035213027000000004
14,1,0.0015397966
14,2,0.0038251947
14,3,0.00714456
14,4,0.009752483000000001
14,5,0.009527922
14,6,0.006795736
14,7,0.0036562872
14,8,0.0017018382999999999
14,9,0.001135665
14,10,0.0014477102
14,11,0.0021250038
14,12,0.0028260140000000004
14,13,0.0033575621999999998
14,14,0.0036589657
14,15,0.0037662679999999997
14,16,0.0037544928
14,17,0.003684491
14,18,0.0035790745
14,19,0.0034437785
14,20,0.0032951282
14,21,0.0031624283
14,22,0.0030754162
14,23,0.0030546114
14,24,0.0031086984
14,25,0.0032365788
14,26,0.0034313835
14,27,0.0036834064000000003
14,28,0.0039823027
14,29,0.0043177083000000005
14,30,0.0046794694
14,31,0.0050574113
14,32,0.005441070500000001
14,33,0.0058194156999999995
14,34,0.006181370500000001
14,35,0.0065166336
14,36,0.006816653000000001
14,37,0.0070752259999999996
14,38,0.007288549599999999
14,39,0.007455181
14,40,0.007575243000000001
14,41,0.007650016
14,42,0.007681314399999999
14,43,0.007671441
14,44,0.0076229265
14,45,0.00753886
14,46,0.007423216999999999
14,47,0.0072810114000000006
14,48,0.0071184537
14,49,0.006942603
15,0,0.0024254257
15,1,0.0027520609999999997
15,2,0.004979843
15,3,0.008791796
15,4,0.011994033999999999
15,5,0.011627438
15,6,0.008127609000000001
15,7,0.0044512637
15,8,0.0024986034
15,9,0.0021221177
15,10,0.002458442
15,11,0.0029213372999999996
15,12,0.0032779737
15,13,0.0034758896
15,14,0.0035324767
15,15,0.0034917346
15,16,0.0034095286
15,17,0.0033299871999999996
15,18,0.0032608062
15,19,0.0031836955
15,20,0.0030878596000000003
15,21,0.0029835015999999997
15,22,0.0028933776
15,23,0.0028415709
15,24,0.0028462922
15,25,0.0029174116999999998
15,26,0.0030565253
15,27,0.003259533
15,28,0.0035192560999999997
15,29,0.0038270345
15,30,0.0041738106
15,31,0.00455029
15,32,0.0049467133
15,33,0.0053524077
15,34,0.0057556476
15,35,0.006144101999999999
15,36,0.006506035
15,37,0.0068314876
15,38,0.0071131974
15,39,0.007346856
15,40,0.0075308513
15,41,0.00766559
15,42,0.007752773399999999
15,43,0.0077947937
15,44,0.007794264
15,45,0.007753937
15,46,0.007676726
15,47,0.0075661214000000004
15,48,0.0074264514
15,49,0.0072631119999999995
16,0,0.012274508
16,1,0.009193906
16,2,0.009213151
16,3,0.012483019
16,4,0.0159761
16,5,0.015483523
16,6,0.011084013
16,7,0.006498974
16,8,0.004025397
16,9,0.0032261023
16,10,0.0030958070000000003
16,11,0.0031292723
16,12,0.0031624124
16,13,0.0031502535999999998
16,14,0.0030879853000000002
16,15,0.0029933858
16,16,0.0029013855
16,17,0.0028453018
16,18,0.0028286185
16,19,0.0028234562
16,20,0.0028016688
16,21,0.0027566459999999997
16,22,0.0027004615
16,23,0.0026535708000000003
16,24,0.0026369602000000003
16,25,0.0026677917
16,26,0.0027571822999999996
16,27,0.0029093929999999997
16,28,0.0031233322999999996
16,29,0.003394458
16,30,0.0037163096000000003
16,31,0.0040817
16,32,0.0044824583000000005
16,33,0.0049092704
16,34,0.005351017
16,35,0.0057942863
16,36,0.006224325
16,37,0.006626646999999999
16,38,0.0069887806
16,39,0.0073017417
16,40,0.0075603169999999996
16,41,0.007762865600000001
16,42,0.007910455
16,43,0.008005722
16,44,0.008052203
16,45,0.008053455
16,46,0.00801296
16,47,0.0079340665
16,48,0.007820272
16,49,0.0076755033999999995
17,0,0.028591279
17,1,0.025216752999999998
17,2,0.022599641
17,3,0.02277986
17,4,0.02422034
17,5,0.022374392000000003
17,6,0.016340919
17,7,0.009711958
17,8,0.0055497596
17,9,0.0037154429999999997
17,10,0.0030304333
17,11,0.0027697520000000003
17,12,0.0026415498
17,13,0.0025449633
17,14,0.0024515907000000003
17,15,0.0023638988
17,16,0.0023025735
17,17,0.0022915089999999997
17,18,0.00233274
17,19,0.0023973612
17,20,0.0024494668
17,21,0.002471502
17,22,0.0024667438000000002
17,23,0.002450007
17,24,0.0024397094
17,25,0.002454388
17,26,0.00251011
17,27,0.0026188270000000002
17,28,0.002787006
17,29,0.0030165259000000002
17,30,0.0033059223
17,31,0.0036518476
17,32,0.0040496853000000005
17,33,0.00449339
17,34,0.0049742525
17,35,0.005479678000000001
17,36,0.0059928596
17,37,0.0064939659999999995
17,38,0.0069630165
17,39,0.007382935
17,40,0.007741584
17,41,0.008032642
17,42,0.008254786
17,43,0.008410627
17,44,0.00850494
17,45,0.00854349
17,46,0.008531933
17,47,0.008475475
17,48,0.008378633
17,49,0.008245594
18,0,0.04081780000000001
18,1,0.041568357
18,2,0.04274542
18,3,0.04350104
18,4,0.041032325
18,5,0.033962317
18,6,0.02363055
18,7,0.013119813999999999
18,8,0.0063964619999999995
18,9,0.00353126
18,10,0.0024996502
18,11,0.0021008672
18,12,0.0019125636
18,13,0.0018038489000000001
18,14,0.001733846
18,15,0.0016934089
18,16,0.0016906382999999998
18,17,0.0017401985999999999
18,18,0.001842509
18,19,0.0019709747
18,20,0.0020879302
18,21,0.0021702139999999997
18,22,0.0022158893
18,23,0.0022361465
18,24,0.0022465345000000003
18,25,0.0022636894
18,26,0.00230397
18,27,0.0023824866
18,28,0.002511635
18,29,0.0027000853
18,30,0.002953013
18,31,0.0032732990000000003
18,32,0.0036625591999999998
18,33,0.0041212290000000006
18,34,0.0046473546000000004
18,35,0.005233291
18,36,0.0058628675
18,37,0.006510984
18,38,0.007146421
18,39,0.0077375625
18,40,0.008257996
18,41,0.0086900955
18,42,0.009026069
18,43,0.009266419
18,44,0.009417575
18,45,0.009489156
18,46,0.009491661
18,47,0.009435242
18,48,0.009328712
18,49,0.009179269
19,0,0.047865175
19,1,-0.21763405000000002
19,2,-0.12096874399999999
19,3,-0.11458196
19,4,-0.11596609999999999
19,5,-0.12930582499999999
19,6,-0.147805296
19,7,0.016088203
19,8,0.0066994535999999995
19,9,0.0030294745
19,10,0.0017751436999999999
19,11,0.0013029667999999999
19,12,0.0011073975
19,13,0.0010337010000000002
19,14,0.0010245908
19,15,0.0010571638000000001
19,16,0.0011287499
19,17,0.0012471536
19,18,0.0014121318
19,19,0.0016002813
19,20,0.001774596
19,21,0.0019085635
19,22,0.0019972436
19,23,0.002050348
19,24,0.0020827637
19,25,0.0021095964999999998
19,26,0.0021457379
19,27,0.002206142
19,28,0.002305504
19,29,0.00245714
19,30,0.002672772
19,31,0.0029625334000000004
19,32,0.0033370033
19,33,0.0038079978000000003
19,34,0.0043877065000000005
19,35,0.005083485
19,36,0.005889738
19,37,0.0067808022999999995
19,38,0.007710775400000001
19,39,0.008621526
19,40,0.009455404
19,41,0.010166961
19,42,0.010728991
19,43,0.011132778999999999
19,44,0.011384441499999998
19,45,-0.16850031799999998
19,46,-0.16850120799999999
19,47,-0.168597304
19,48,0.011230796999999999
19,49,0.010999386000000002
20,0,0.052031383
20,1,-0.21072874000000003
20,2,-0.20029815
20,3,-0.18993741000000003
20,4,-0.18809691500000003
20,5,-0.20194023
20,6,-0.13775394
20,7,0.01916513
20,8,0.006927158
20,9,0.0024903389000000002
20,10,0.0010212185000000001
20,11,0.00049450155
20,12,0.00032071397
20,13,0.00030975509999999997
20,14,0.00038165692000000003
20,15,0.000498686
20,16,0.00064928364
20,17,0.0008371919400000001
20,18,0.0010632584
20,19,0.0013082763
20,20,0.0015364494
20,21,0.0017182166
20,22,0.0018452667000000002
20,23,0.0019267388
20,24,0.001978111
20,25,0.0020149210000000002
20,26,0.0020512105
20,27,0.0021007955
20,28,0.0021779601999999997
20,29,0.0022979132
20,30,0.0024765207999999997
20,31,0.002730527
20,32,0.0030797515
20,33,0.0035503809999999996
20,34,0.004177292
20,35,0.004999971
20,36,0.006047783399999999
20,37,0.007317529000000001
20,38,0.008757286999999999
20,39,0.010270072
20,40,0.011737393
20,41,0.013049598999999999
20,42,0.014127792
20,43,0.014931448
20,44,0.015454443
20,45,-0.16428426699999998
20,46,-0.254251006
20,47,-0.254406089
20,48,-0.25470947050000003
20,49,0.014875131000000002
21,0,0.054295755999999994
21,1,-0.20649283000000002
21,2,-0.194086496
21,3,-0.18270062000000004
21,4,-0.17984922000000003
21,5,-0.19129462000000003
21,6,0.052084215
21,7,0.023161388999999998
21,8,0.007484749000000001
21,9,0.0020932261999999997
21,10,0.00035896152
21,11,-0.00023127254000000001
21,12,-0.00038052257000000005
21,13,-0.00032507908
21,14,-0.00017085298999999998
21,15,2.9245390999999998e-05
21,16,0.00025524478
21,17,0.0005079228400000001
21,18,0.0007904944999999999
21,19,0.0010888455000000001
21,20,0.0013692603
21,21,0.0015987922
21,22,0.0017643701000000002
21,23,0.001873441
21,24,0.0019425671
21,25,0.0019888429999999997
21,26,0.002026843
21,27,0.0020695515
21,28,0.0021301564
21,29,0.002223311
21,30,0.002366066
21,31,0.0025787791
21,32,0.0028875312
21,33,0.0033298028000000005
21,34,0.0039628553
21,35,0.0048687663
21,36,0.006142875600000001
21,37,0.007854054000000001
21,38,0.009990056
21,39,0.012428274
21,40,0.01496226
21,41,0.017367247
21,42,0.019461271999999998
21,43,0.021133006
21,44,0.02233974
21,45,-0.156910533
21,46,-0.24657830000000003
21,47,-0.246608235
21,48,0.023060352000000003
21,49,0.022487187999999998
22,0,0.054418545
22,1,-0.20519737600000001
22,2,-0.19235601000000002
22,3,-0.182005305
22,4,-0.09007673999999999
22,5,-0.09994336
22,6,0.05686227
22,7,0.02737953
22,8,0.008645594
22,9,0.0019874116
22,10,-0.00010960176600000001
22,11,-0.0008014189
22,12,-0.00095180515
22,13,-0.0008500563000000001
22,14,-0.0006290162
22,15,-0.00035771914
22,16,-6.579701e-05
22,17,0.00024367402999999997
22,18,0.0005758423400000001
22,19,0.0009223763
22,20,0.0012529362
22,21,0.0015311642
22,22,0.0017378535
22,23,0.0018768944
22,24,0.0019653086
22,25,0.0020221034
22,26,0.0020633395999999997
22,27,0.0021022027
22,28,0.002150787
22,29,0.0022221673000000003
22,30,0.002332204
22,31,0.00250124
22,32,0.0027565192
22,33,0.0031387527
22,34,0.0037140711
22,35,0.004591701
22,36,0.00593267
22,37,0.007918152
22,38,0.010656303
22,39,0.01407305
22,40,0.017890278
22,41,0.021727536000000002
22,42,0.025242846
22,43,0.028214479
22,44,0.030545792999999998
22,45,-0.14776998
22,46,-0.23668894000000001
22,47,-0.236145173
22,48,0.033932652
22,49,0.033613199999999996
23,0,0.051574655
23,1,0.062274788
23,2,-0.28572954
23,3,-0.09767353
23,4,0.08234516
23,5,0.07294615
23,6,0.053751346
23,7,0.028897067999999998
23,8,0.01013091
23,9,0.0022848779999999997
23,10,-0.00029687583
23,11,-0.0011584396
23,12,-0.0013596918
23,13,-0.0012510326
23,14,-0.0009927739999999999
23,15,-0.0006712991999999999
23,16,-0.00032798853
23,17,2.761092e-05
23,18,0.00040078815
23,19,0.0007885145
23,20,0.0011649476
23,21,0.0014915764000000002
23,22,0.0017419448
23,23,0.001914476
23,24,0.0020251265
23,25,0.0020947196
23,26,0.0021413453
23,27,0.0021791644
23,28,0.0022198046
23,29,0.0022747563
23,30,0.002357494
23,31,0.0024856562
23,32,0.0026837075
23,33,0.0029882574
23,34,0.0034591742
23,35,0.0042014485
23,36,0.0053947633
23,37,0.007302584
23,38,0.010198628000000001
23,39,0.014185836
23,40,0.019033967
23,41,0.024229897
23,42,0.02921674
23,43,0.033600304
23,44,0.037199199999999995
23,45,-0.14001056
23,46,-0.13796957999999998
23,47,0.043412447
23,48,0.044228292999999995
23,49,0.044561252
24,0,0.045388382000000005
24,1,0.055640925
24,2,-0.114184834
24,3,0.07096122
24,4,0.06877123
24,5,0.05935142
24,6,0.043822974
24,7,0.025661955
24,8,0.010739801
24,9,0.002901088
24,10,-0.00013986882
24,11,-0.0012496002
24,12,-0.0015700674
24,13,-0.0015085256
24,14,-0.0012545781
24,15,-0.0009129271
24,16,-0.00053878315
24,17,-0.00015091989
24,18,0.00025272182999999996
24,19,0.0006726728999999999
24,20,0.0010883053999999998
24,21,0.0014604414000000002
24,22,0.0017553586999999999
24,23,0.0019641123
24,24,0.0021000355
24,25,0.0021850010000000002
24,26,0.0022392916000000002
24,27,0.0022785831
24,28,0.0023147846
24,29,0.0023582866
24,30,0.002420173
24,31,0.0025144308
24,32,0.0026608137
24,33,0.0028884588
24,34,0.0032441802000000002
24,35,0.003809351
24,36,0.004732516599999999
24,37,0.00627149
24,38,0.008794801
24,39,0.012644954
24,40,0.017852226000000002
24,41,0.023958191
24,42,0.03021121
24,43,0.035951647999999996
24,44,0.04082045
24,45,-0.135271978
24,46,-0.132263832
24,47,0.04996373
24,48,0.05153584
24,49,0.052563503
25,0,0.0371353
25,1,0.046328854
25,2,0.054045855999999996
25,3,0.056301598
25,4,0.052263885999999996
25,5,0.043045997999999995
25,6,0.030948192000000003
25,7,0.01909023
25,8,0.009544277
25,9,0.0034080232
25,10,0.00032872986
25,11,-0.0010336479
25,12,-0.001541541
25,13,-0.0015912494
25,14,0.18860719310000001
25,15,-0.0010702219
25,16,-0.0006933799
25,17,-0.00029255169999999997
25,18,0.00012787431
25,19,0.000569026
25,20,0.0010146238000000001
25,21,0.0014263205
25,22,0.0017639901
25,23,0.0020099934
25,24,0.002173156
25,25,0.0022754376
25,26,0.0023391666
25,27,0.0023818398
25,28,0.0024163006
25,29,0.0024523912
25,30,0.0024993764000000003
25,31,0.0025680517000000003
25,32,0.0026731067
25,33,0.0028361529999999997
25,34,0.00309081
25,35,0.0034934175
25,36,0.0041458094000000004
25,37,0.0052378
25,38,0.00709941
25,39,0.01018961
25,40,0.014886534
25,41,0.02110666
25,42,0.02815868
25,43,0.035111476
25,44,0.041280404
25,45,-0.133617048
25,46,-0.219579336
25,47,-0.21647864300000003
25,48,0.055842015999999994
25,49,0.057526957000000004
26,0,0.02926547
26,1,0.03684064
26,2,0.041805252
26,3,0.04165678
26,4,0.036631577
26,5,0.028435599
26,6,0.019673035
26,7,0.012517117
26,8,0.007239814000000001
26,9,0.00340528
26,10,0.0009029042
26,11,-0.00053338613
26,12,0.1887619007
26,13,0.188544096
26,14,0.1886302108
26,15,0.1888863943
26,16,-0.0007711677
26,17,-0.0003844835
26,18,3.363192e-05
26,19,0.0004813373
26,20,0.0009448398
26,21,0.001387164
26,22,0.001762691
26,23,0.002044565
26,24,0.0022352673
26,25,0.0023555849
26,26,0.0024295654
26,27,0.0024767416
26,28,0.0025110962
26,29,0.0025425837
26,30,0.0025793676999999997
26,31,0.0026298090000000003
26,32,0.002704476
26,33,0.0028185425
26,34,0.0029950453999999997
26,35,0.0032712320000000002
26,36,0.0037110959999999997
26,37,0.0044328473
26,38,0.005659375
26,39,0.007778253000000001
26,40,0.011317313
26,41,0.016670942
26,42,0.023645227999999997
26,43,0.031359844
26,44,-0.14123354999999999
26,45,-0.13480884999999998
26,46,-0.21957591
26,47,-0.21546511000000002
26,48,0.057693996
26,49,0.06008037
27,0,0.023213032999999998
27,1,0.028666293
27,2,0.030948877000000003
27,3,0.029120844
27,4,0.024152316
27,5,0.017892906
27,6,0.012270868
27,7,0.008155413
27,8,0.0052487114
27,9,0.0030384082
27,10,0.0013319859
27,11,0.00010410044
27,12,-0.0006771125
27,13,0.27893764870000004
27,14,0.278865827
27,15,0.2790044748
27,16,0.18926707055
27,17,-0.00039728265
27,18,-9.285285999999999e-06
27,19,0.00042433757000000005
27,20,0.0008896449599999999
27,21,0.0013500517000000001
27,22,0.0017552171
27,23,0.002068663
27,24,0.0022849542999999997
27,25,0.0024224631
27,26,0.0025062645
27,27,0.002557871
27,28,0.0025926958999999998
27,29,0.0026211389999999998
27,30,0.0026508458
27,31,0.0026885840000000004
27,32,0.0027419159999999996
27,33,0.0028211735
27,34,0.0029416839
27,35,0.0031275003999999998
27,36,0.0034180707
27,37,0.0038824882
27,38,0.0046497025
27,39,0.0059645697
27,40,0.00825396
27,41,0.0120948525
27,42,0.017896416000000002
27,43,0.025389308
27,44,-0.14643854
27,45,-0.22871431400000003
27,46,-0.2221017
27,47,-0.21676068400000004
27,48,-0.212577705
27,49,0.060644425
28,0,0.018770573999999998
28,1,0.021855932
28,2,0.021920435
28,3,0.019299682
28,4,0.015338983
28,5,0.011459376
28,6,0.008442576
28,7,0.0061613964000000005
28,8,0.0042900364
28,9,0.0027666203999999997
28,10,0.0015723603
28,11,0.0006699171
28,12,1.4761463000000001e-05
28,13,-0.00041945744000000006
28,14,-0.0006353352
28,15,-0.0006523765599999999
28,16,-0.0005190214
28,17,-0.00028094463
28,18,3.789086e-05
28,19,0.00042715016999999997
28,20,0.0008709915
28,21,0.0013317671
28,22,0.0017539626000000002
28,23,0.0020909281
28,24,0.0023280103
28,25,0.0024795658
28,26,0.0025710617
28,27,0.0026257513
28,28,0.0026604429999999997
28,29,0.0026862007
28,30,0.0027105203000000002
28,31,0.0027391146999999998
28,32,0.0027776053000000004
28,33,0.0028329678000000003
28,34,0.0029151095
28,35,0.0030393563
28,36,0.003230053
28,37,0.0035275687
28,38,0.0040033696999999995
28,39,0.004791325
28,40,0.006147149
28,41,0.008518887
28,42,0.012516923000000001
28,43,0.018574381
28,44,-0.15360601
28,45,-0.14511490999999999
28,46,-0.13714149599999997
28,47,-0.130356897
28,48,-0.124897532
28,49,0.05937568
29,0,0.015182612
29,1,0.01609341
29,2,0.014754918
29,3,0.012271401000000001
29,4,0.009854035
29,5,0.0081245825
29,6,0.006945183000000001
29,7,0.005733026
29,8,0.004264802
29,9,0.0028580367
29,10,0.0017765099
29,11,0.0010641422
29,12,0.00063710567
29,13,0.00035366974999999996
29,14,0.00012932718
29,15,-1.7778948e-05
29,16,-4.9191527e-05
29,17,3.9299949999999996e-05
29,18,0.00023798831000000002
29,19,0.0005392954
29,20,0.0009270897
29,21,0.0013617417
29,22,0.0017814571
29,23,0.0021284157
29,24,0.002377049
29,25,0.0025361553
29,26,0.0026306729
29,27,0.0026852232
29,28,0.0027177287
29,29,0.0027399077
29,30,0.0027591651
29,31,0.002780479
29,32,0.002808223
29,33,0.0028470838
29,34,0.0029034861
29,35,0.0029869126
29,36,0.0031123590000000003
29,37,0.0033038752
29,38,0.003601741
29,39,0.0040772394
29,40,0.004864393
29,41,0.0062197368
29,42,0.008597361
29,43,0.012627636999999999
29,44,0.018779208999999998
29,45,0.02677333
29,46,0.035486836
29,47,0.043674845
29,48,0.0506362
29,49,0.05623425
30,0,0.011959455
30,1,0.0113211125
30,2,0.009547855
30,3,0.007864939
30,4,0.0069312127
30,5,0.0067062504000000005
30,6,0.006655065
30,7,0.0060786027000000005
30,8,0.004796341
30,9,0.0033037904999999998
30,10,0.002089743
30,11,0.0013463432000000001
30,12,0.0010604886
30,13,0.0010449402000000001
30,14,0.0010399092
30,15,0.0009241244
30,16,0.0007636696
30,17,0.0006655510499999999
30,18,0.0006855177000000001
30,19,0.0008401722
30,20,0.0011212612
30,21,0.0014892770000000002
30,22,0.0018756035999999998
30,23,0.0022096816
30,24,0.002453206
30,25,0.0026077419
30,26,0.0026964908
30,27,0.0027446429999999997
30,28,0.0027708666999999997
30,29,0.0027870028
30,30,0.0028000926
30,31,0.002814604
30,32,0.0028337473
30,33,0.0028606998
30,34,0.0028995145
30,35,0.0029560388
30,36,0.0030393246999999997
30,37,0.0031638346
30,38,0.0033529508
30,39,0.003645849
30,40,0.004111923
30,41,0.004881525
30,42,0.0062046293
30,43,0.008528886
30,44,0.012493148
30,45,0.01860919
30,46,0.026655972000000003
30,47,0.035517976
30,48,0.043899573
30,49,0.051048245
31,0,0.009015987
31,1,0.0076654553
31,2,0.0062246276
31,3,0.005503840699999999
31,4,0.005604372
31,5,0.0062312544
31,6,0.0068243043
31,7,0.0066793244
31,8,0.0055605937
31,9,0.003979585999999999
31,10,0.002557816
31,11,0.0016286679999999998
31,12,0.0013054105999999999
31,13,0.0014907782999999998
31,14,0.001856315
31,15,0.0020441222
31,16,0.0019478504999999998
31,17,0.0017103357000000001
31,18,0.191511408
31,19,0.1914512725
31,20,0.0015562242000000002
31,21,0.0017968257999999998
31,22,0.002100275
31,23,0.0023827557
31,24,0.002591406
31,25,0.002719102
31,26,0.0027859815999999996
31,27,0.0028164554
31,28,0.0028288121999999996
31,29,0.0028340871999999995
31,30,0.0028383345000000003
31,31,0.0028449013
31,32,0.0028559375
31,33,0.0028733588
31,34,0.0028995303
31,35,0.0029378626
31,36,0.0029938077
31,37,0.0030758837
31,38,0.0031978665000000003
31,39,0.0033821146999999997
31,40,0.0036662202
31,41,0.004116488
31,42,0.0048569078
31,43,0.006125855
31,44,0.008355315
31,45,0.012181982
31,46,0.018162658
31,47,0.026162712
31,48,0.035110556
31,49,0.04366789
32,0,0.0065000686
32,1,0.0051698205
32,2,0.004387755399999999
32,3,0.0044077914000000004
32,4,0.0050578467
32,5,0.006082819000000001
32,6,0.0070395082999999995
32,7,0.007244558000000001
32,8,0.0063466122
32,9,0.004761606
32,10,0.0031596282
32,11,0.00198612
32,12,0.0014756899
32,13,0.0016814228
32,14,0.0023698937
32,15,0.0030602608000000002
32,16,0.0033537596
32,17,0.0032094214
32,18,0.192857346
32,19,0.282542281
32,20,0.0023924191
32,21,0.0024215448999999997
32,22,0.002565388
32,23,0.0027308640000000004
32,24,0.0028516282000000002
32,25,0.002911673
32,26,0.0029270290000000003
32,27,0.0029195128000000002
32,28,0.0029045218
32,29,0.0028902455
32,30,0.0028803037
32,31,0.0028759819
32,32,0.0028778138
32,33,0.002886301
32,34,0.0029023252000000004
32,35,0.002927613
32,36,0.0029652053000000004
32,37,0.0030199955
32,38,0.0031000515
32,39,0.00321837
32,40,0.0033961865000000004
32,41,0.0036690146999999998
32,42,0.0040993146
32,43,0.0048034259999999995
32,44,0.0060048196
32,45,0.008113621
32,46,0.011754691000000001
32,47,0.01752602
32,48,0.02539749
32,49,0.03437378
33,0,0.0045759454
33,1,0.003679649
33,2,0.0035088733
33,3,0.003950814
33,4,0.0048139147
33,5,0.0059750862
33,6,0.0071281865000000005
33,7,0.007634958000000001
33,8,0.0070258854
33,9,0.0055536646
33,10,0.0038533583
33,11,0.0024459525
33,12,0.001668809
33,13,0.0017177210999999998
33,14,0.0025372393
33,15,0.0037101102
33,16,0.00464467
33,17,0.004975718400000001
33,18,0.0047549540000000005
33,19,0.1942859176
33,20,0.003852157
33,21,0.0035819118
33,22,0.0034597772
33,23,0.00340243
33,24,0.0033412278000000003
33,25,0.0032582525
33,26,0.0031671090000000004
33,27,0.0030841706
33,28,0.0030175555
33,29,0.0029683989
33,30,0.002934753
33,31,0.0029138625
33,32,0.0029034102
33,33,0.0029018088
33,34,0.0029083318
33,35,0.002923145
33,36,0.002947553
33,37,0.0029840935
33,38,0.0030374038
33,39,0.0031149145
33,40,0.0032289140000000003
33,41,0.0033992548
33,42,0.0036593657
33,43,0.0040675346000000005
33,44,0.0047316337
33,45,0.0058587436
33,46,0.007833063000000001
33,47,0.011259676000000001
33,48,0.016769605
33,49,0.024445232
34,0,0.0032910303999999996
34,1,0.00291738
34,2,0.003154904
34,3,0.0037737233
34,4,0.0046677273
34,5,0.005829003
34,6,0.0070663104
34,7,0.007813349
34,8,0.007526475
34,9,0.0062789717
34,10,0.0045927693
34,11,0.0030075734999999997
34,12,0.0019443048999999999
34,13,0.0017176735999999998
34,14,0.0024536848
34,15,0.0039129714000000005
34,16,0.005500921999999999
34,17,0.006603965
34,18,0.0069527547
34,19,0.006685852
34,20,0.0061360569999999994
34,21,0.0055723432
34,22,0.005089081
34,23,0.1946613854
34,24,0.1942586457
34,25,0.1938933572
34,26,0.0035916888
34,27,0.0033632251
34,28,0.0032003312
34,29,0.003088736
34,30,0.0030145152000000002
34,31,0.0029669106
34,32,0.0029382184000000004
34,33,0.0029233209999999996
34,34,0.0029191559999999996
34,35,0.0029241209999999996
34,36,0.0029378984999999997
34,37,0.0029613547999999996
34,38,0.0029967506
34,39,0.0030483138000000003
34,40,0.0031229956
34,41,0.0032322397
34,42,0.0033946838
34,43,0.003641406
34,44,0.004026511
34,45,0.004649375999999999
34,46,0.00570021
34,47,0.0075351913
34,48,0.010733167
34,49,0.015947584
35,0,0.0025616856
35,1,0.0026066066000000002
35,2,0.0030547907
35,3,0.0037088608000000003
35,4,0.004553361
35,5,0.005652612
35,6,0.0068983790000000005
35,7,0.0078089284
35,8,0.007825178
35,9,0.0068759345
35,10,0.005325132
35,11,0.0036541428000000003
35,12,0.0023305616
35,13,0.0017696992
35,14,0.0022550854
35,15,0.0037543862
35,16,0.005806546700000001
35,17,0.007719681999999999
35,18,0.00896053
35,19,0.009384716
35,20,0.009175131
35,21,0.008606299
35,22,0.007843678
35,23,0.1969389166
35,24,0.195968324
35,25,0.195073851
35,26,0.1943627704
35,27,0.0038535035999999996
35,28,0.0035099778000000003
35,29,0.003285152
35,30,0.0031402293
35,31,0.0030478975
35,32,0.0029902402
35,33,0.002955868
35,34,0.0029377565000000003
35,35,0.0029316521000000003
35,36,0.002935395
35,37,0.0029481868
35,38,0.1929706825
35,39,0.1930048643
35,40,0.0030545620000000002
35,41,0.0031262440000000002
35,42,0.0032306002
35,43,0.00338495
35,44,0.0036181890999999996
35,45,0.0039803092
35,46,0.0045623677
35,47,0.0055379476
35,48,0.0072348462
35,49,0.0102007445
36,0,0.0022353907
36,1,0.002540404
36,2,0.0030638659999999997
36,3,0.0036866013
36,4,0.0044555715
36,5,0.0054720873
36,6,0.0066818194
36,7,0.0076823262
36,8,0.007942058
36,9,0.007306930600000001
36,10,0.0059911963
36,11,0.004351600000000001
36,12,0.002834598
36,13,0.0019289539
36,14,0.002056493
36,15,0.0033822109999999996
36,16,0.005636192
36,17,0.0081820935
36,18,0.010357937
36,19,0.011789111000000001
36,20,0.012444591999999999
36,21,0.012461571999999999
36,22,0.011908719
36,23,0.200742375
36,24,0.199066388
36,25,0.197283723
36,26,0.005797771
36,27,0.004742306
36,28,0.0040530222
36,29,0.0036182909999999996
36,30,0.0033468744
36,31,0.003177572
36,32,0.0030721412
36,33,0.0030072555
36,34,0.0029687885999999998
36,35,0.002948218
36,36,0.0029406422
36,37,0.002943323
36,38,0.28295525880000005
36,39,0.0029767998
36,40,0.0030097114
36,41,0.0030574621999999996
36,42,0.0031261346000000002
36,43,0.0032255733000000003
36,44,0.0033719390000000004
36,45,0.0035920036
36,46,0.0039317366
36,47,0.0044743964
36,48,0.0053778393
36,49,0.0069417097
37,0,0.0021587769
37,1,0.002588998
37,2,0.0031123021999999996
37,3,0.0036797040000000002
37,4,0.0043722684000000005
37,5,0.0053064576
37,6,0.006460421700000001
37,7,0.007495320400000001
37,8,0.007925249
37,9,0.0075682480000000005
37,10,0.0065377112
37,11,0.0050465707
37,12,0.0034418148
37,13,0.0022265203
37,14,0.0019398848999999999
37,15,0.0029335371000000004
37,16,0.0051436946
37,17,0.00806039
37,18,0.010998817
37,19,0.013450921999999999
37,20,0.015233168
37,21,0.016364932
37,22,0.016780556999999998
37,23,0.016145188
37,24,0.014180528999999999
37,25,0.011309956999999999
37,26,0.008506791
37,27,0.0064040673999999995
37,28,0.0050384720000000004
37,29,0.0042025647
37,30,0.0036979374
37,31,0.0033920029999999998
37,32,0.003204926
37,33,0.0030899695000000003
37,34,0.0030197902
37,35,0.0029782788
37,36,0.002955873
37,37,0.0029470874
37,38,0.002948877
37,39,0.0029599992999999997
37,40,0.0029806294
37,41,0.0030122418
37,42,0.0030580722
37,43,0.0031237742
37,44,0.003218403
37,45,0.0033570249
37,46,0.0035644015
37,47,0.0038827317999999998
37,48,0.004388018499999999
37,49,0.0052234465
38,0,0.0022142520000000003
38,1,0.002680594
38,2,0.0031690192
38,3,0.0036777504999999998
38,4,0.00430264
38,5,0.0051640356
38,6,0.006258626
38,7,0.007294129599999999
38,8,0.00782959
38,9,0.0076873633
38,10,0.006935981999999999
38,11,0.0056766327
38,12,0.004111088
38,13,0.0026704203000000003
38,14,0.00196137
38,15,0.0025141868
38,16,0.0044807587
38,17,0.007512454399999999
38,18,0.010960923999999999
38,19,0.014248048000000001
38,20,0.017098315
38,21,0.019490069
38,22,0.021354098
38,23,0.022196122000000002
38,24,0.0211446
38,25,0.017873548
38,26,0.013469208
38,27,0.009568115
38,28,0.006890603299999999
38,29,0.0052650203
38,30,0.004314183
38,31,0.0037568891
38,32,0.0034254189000000003
38,33,0.0032252958000000003
38,34,0.0031033051000000002
38,35,0.0030291956
38,36,0.0029853508
38,37,0.0029614996
38,38,0.002951718
38,39,0.0029527238000000003
38,40,0.0029630805
38,41,0.0029827720000000003
38,42,0.003013149
38,43,0.003057145
38,44,0.0031198934000000005
38,45,0.0032099409999999996
38,46,0.003341169
38,47,0.003536413
38,48,0.00383458
38,49,0.004304803
39,0,0.0023262226
39,1,0.0027794284
39,2,0.00322149
39,3,0.0036767917
39,4,0.0042452486
39,5,0.00504574
39,6,0.0060857496999999995
39,7,0.0071056033
39,8,0.0077004265
39,9,0.007707943
39,10,0.007190212
39,11,0.006191213
39,12,0.0047787884
39,13,0.003239207
39,14,0.0021553868
39,15,0.0022041154999999997
39,16,0.0037701004
39,17,0.00669735
39,18,0.010409199000000001
39,19,0.014286773000000001
39,20,0.017981198
39,21,0.021455493
39,22,0.024731137
39,23,0.02741875
39,24,0.028411249
39,25,0.026429047999999997
39,26,0.021446628
39,27,0.015385468000000001
39,28,0.010442446
39,29,0.007271149
39,30,0.0054372586
39,31,0.004398157
39,32,0.0038012029
39,33,0.00345068
39,34,0.0032407725
39,35,0.0031135146999999998
39,36,0.0030363905
39,37,0.0029906990000000003
39,38,0.0029657013
39,39,0.002955068
39,40,0.0029553398
39,41,0.0029650126
39,42,0.002983822
39,43,0.0030129784999999997
39,44,0.0030551683
39,45,0.0031151361999999998
39,46,0.0032007722
39,47,0.0033249701
39,48,0.003508829
39,49,0.0037880497999999998
40,0,0.0024519218
40,1,0.0028700125
40,2,0.0032656728
40,3,0.0036755553
40,4,0.0041980282
40,5,0.004948922
40,6,0.0059422916
40,7,0.0069413576
40,8,0.0075673386
40,9,0.007672571600000001
40,10,0.0073294695
40,11,0.00657014
40,12,0.0053783673999999995
40,13,0.003878598
40,14,0.0025278945000000003
40,15,0.0020647487
40,16,0.0031096096999999995
40,17,0.005745979
40,18,0.009506829
40,19,0.013748007
40,20,0.018040892
40,21,0.022311894
40,22,0.026668847000000002
40,23,0.030943561
40,24,0.03419314
40,25,0.034782395
40,26,0.031418487
40,27,0.024601147
40,28,0.016984034
40,29,0.01113954
40,30,0.007566141
40,31,0.0055691637
40,32,0.004462435
40,33,0.0038353428
40,34,0.0034703234999999997
40,35,0.0032529271999999997
40,36,0.0031215288
40,37,0.0030419906
40,38,0.0029948623999999997
40,39,0.0029688543
40,40,0.0029575126
40,41,0.0029571569
40,42,0.0029661004
40,43,0.0029840777
40,44,0.0030120959999999997
40,45,0.0030525425
40,46,0.0031098593
40,47,0.0031913496
40,48,0.0033089066999999997
40,49,0.0034820690000000004
41,0,0.0025705304000000003
41,1,0.0029470073
41,2,0.0033012792
41,3,0.0036736065999999996
41,4,0.00415891
41,5,0.0048697414000000005
41,6,0.005824633
41,7,0.0068034837
41,8,0.007445684
41,9,0.007613109399999999
41,10,0.0073914025
41,11,0.0068246503
41,12,0.0058653792000000005
41,13,0.004514407
41,14,0.00304627
41,15,0.0021347106
41,16,0.0025826679
41,17,0.00476443
41,18,0.008385539000000001
41,19,0.012799305
41,20,0.017485011
41,21,0.022294547
41,22,0.027369684
41,23,0.03274396
41,24,0.037783578
41,25,0.040992934
41,26,0.040618725
41,27,0.03569884
41,28,0.027200282000000003
41,29,0.018265078
41,30,0.011687524
41,31,0.0077960686999999996
41,32,0.005672199
41,33,0.0045129820000000005
41,34,0.0038624732
41,35,0.0034860778000000005
41,36,0.003262715
41,37,0.0031280322
41,38,0.0030465377
41,39,0.0029981667
41,40,0.002971314
41,41,0.0029592909999999997
41,42,0.0029583438
41,43,0.0029666377
41,44,0.0029838057
41,45,0.0030106981
41,46,0.0030495152
41,47,0.003104318
41,48,0.0031818984999999996
41,49,0.0032932656
42,0,0.0026736325
42,1,0.0030100215
42,2,0.0033293795
42,3,0.0036711274
42,4,0.0041261525
42,5,0.0048043844
42,6,0.0057279626
42,7,0.0066895364
42,8,0.007341045
42,9,0.007549028399999999
42,10,0.0074090273
42,11,0.0069839424
42,12,0.00622922
42,13,0.005080408
42,14,0.0036421129999999998
42,15,0.002415684
42,16,0.002259199
42,17,0.003847652
42,18,0.007150287
42,19,0.011569908
42,20,0.016489062
42,21,0.02164748
42,22,0.027159646000000003
42,23,0.03319336
42,24,0.039412644
42,25,0.044622882999999995
42,26,0.04713092
42,27,0.045489735999999996
42,28,0.03912226
42,29,0.029248212000000003
42,30,0.019271858
42,31,0.012119426
42,32,0.007978782
42,33,0.0057549733
42,34,0.00455417
42,35,0.003884843
42,36,0.003499215
42,37,0.0032709506
42,38,0.0031335019
42,39,0.0030503613000000002
42,40,0.0030008894
42,41,0.0029732929999999997
42,42,0.0029606507000000002
42,43,0.0029591387
42,44,0.0029668324
42,45,0.0029832232
42,46,0.0030090148
42,47,0.0030462919
42,48,0.0030987402
42,49,0.0031726626
43,0,0.0027593868
43,1,0.0030607632000000003
43,2,0.003351523
43,3,0.0036683306
43,4,0.004098374
43,5,0.004749742
43,6,0.0056477509999999995
43,7,0.0065953797
43,8,0.007253548
43,9,0.0074899048
43,10,0.0074053947
43,11,0.0070799934
43,12,0.00648617
43,13,0.0055408115
43,14,0.004234697700000001
43,15,0.0028623664
43,16,0.0021820376
43,17,0.0030868202
43,18,0.005895126999999999
43,19,0.010157211
43,20,0.015179077
43,21,0.020557428
43,22,0.026323162
43,23,0.032704826
43,24,0.039605543
43,25,0.046141642999999996
43,26,0.050819613
43,27,0.052203383
43,28,0.049291797000000005
43,29,0.04174085
43,30,0.0308255
43,31,0.020061877
43,32,0.012465499
43,33,0.008128115
43,34,0.0058238613
43,35,0.004588948
43,36,0.0039040167
43,37,0.0035105608
43,38,0.0032781288000000002
43,39,0.0031382665000000004
43,40,0.0030536638
43,41,0.0030032121999999995
43,42,0.002974894
43,43,0.0029617017
43,44,0.0029596398
43,45,0.0029667490000000003
43,46,0.0029824105999999998
43,47,0.003007222
43,48,0.0030430225
43,49,0.0030932594
44,0,0.0028291144
44,1,0.0031014662
44,2,0.0033691907
44,3,0.003665545
44,4,0.004074619
44,5,0.004703296
44,6,0.005580153000000001
44,7,0.0065168990000000005
44,8,0.0071811144999999995
44,9,0.007439145
44,10,0.0073940475
44,11,0.0071384506
44,12,0.006663721
44,13,0.0058929874
44,14,0.0047620716999999995
44,15,0.0033947695
44,16,0.002346552
44,17,0.0025617518
44,18,0.004717604
44,19,0.008645492
44,20,0.013642796
44,21,0.019149072
44,22,0.025060772999999998
44,23,0.031598844
44,24,0.038838685
44,25,0.046179134000000004
44,26,0.052338302
44,27,0.055976085
44,28,-0.123867702
44,29,-0.21786528000000002
44,30,-0.13630222
44,31,0.032034877999999996
44,32,0.020690192
44,33,0.012750373
44,34,0.008254526
44,35,0.005883473
44,36,0.0046195667
44,37,0.003921055200000001
44,38,0.003520737
44,39,0.003284594
44,40,0.0031425585
44,41,0.0030566002
44,42,0.0030052722
44,43,0.002976276
44,44,0.0029625194
44,45,0.0029599736
44,46,0.0029664924
44,47,0.0029814756
44,48,0.0030053174
44,49,0.0030397414
45,0,0.0028852187
45,1,0.0031344146
45,2,0.0033837375
45,3,0.0036630402000000003
45,4,0.0040540770000000005
45,5,0.0046632807
45,6,0.005522211999999999
45,7,0.006450459
45,8,0.0071207737
45,9,0.007397023000000001
45,10,0.0073818090000000005
45,11,0.0071764276
45,12,0.0067882063
45,13,0.006155044
45,14,0.0051968579999999995
45,15,0.003930485300000001
45,16,0.0026955395
45,17,0.0023170142
45,18,0.0037190709999999996
45,19,0.007124190999999999
45,20,0.011950071000000001
45,21,0.017500766
45,22,0.023497433999999998
45,23,0.030088691
45,24,0.0374546
45,25,0.04524069
45,26,0.052373382999999996
45,27,0.057587205999999995
45,28,-0.21000468800000002
45,29,-0.21095382000000001
45,30,-0.12578958299999998
45,31,-0.13484899
45,32,0.03297198
45,33,0.02120232
45,34,0.012992816
45,35,0.008365529
45,36,0.0059369390000000005
45,37,0.0046474459999999995
45,38,0.0039367448
45,39,0.0035302090000000003
45,40,0.0032906001
45,41,0.0031465404
45,42,0.0030593146000000002
45,43,0.0030071093
45,44,0.0029774965000000002
45,45,0.0029632314000000003
45,46,0.0029601859999999996
45,47,0.0029661618
45,48,0.0029804767
45,49,0.0030034379999999998
46,0,0.0029304953999999997
46,1,0.0031616418
46,2,0.003396283
46,3,0.0036610896000000004
46,4,0.0040363274
46,5,0.0046282834000000005
46,6,0.0054717287
46,7,0.006393243000000001
46,8,0.007069951
46,9,0.0073623527
46,10,0.0073713725
46,11,0.0072039287
46,12,0.006879409300000001
46,13,0.0063507347
46,14,0.005540955
46,15,0.004413927
46,16,0.0031422842
46,17,0.0023402320000000002
46,18,0.0029864116
46,19,0.005697490600000001
46,20,0.010174135
46,21,0.015667502
46,22,0.021704822999999998
46,23,0.028302077000000002
46,24,0.035674423
46,25,0.04367204
46,26,0.051431872000000003
46,27,-0.302251522
46,28,-0.298258715
46,29,-0.29701393
46,30,-0.11884903999999999
46,31,-0.124287904
46,32,0.046238158
46,33,0.033714182999999995
46,34,0.021633085
46,35,0.013206539
46,36,0.008466501
46,37,0.0059865380000000004
46,38,0.004673612
46,39,0.003951595
46,40,0.0035391715000000004
46,41,0.003296303
46,42,0.0031503425
46,43,0.0030618669
46,44,0.0030088503999999997
46,45,0.0029786229999999997
46,46,0.0029638405
46,47,0.0029603335999999997
46,48,0.0029658182
46,49,0.002979503
47,0,0.002967441
47,1,0.0031848657
47,2,0.0034076753000000003
47,3,0.0036599133
47,4,0.0040209084
47,5,0.004597345
47,6,0.005427069499999999
47,7,0.0063430993
47,8,0.007026394399999999
47,9,0.00733372
47,10,0.007363419
47,11,0.0072262236
47,12,0.006950283000000001
47,13,0.0065009957
47,14,0.005810645
47,15,0.0048232833
47,16,0.0036068940000000002
47,17,0.0025653695000000002
47,18,0.0025616032
47,19,0.0044751237
47,20,0.008407158
47,21,0.013703665
47,22,0.01972541
47,23,0.026307873
47,24,0.033629306
47,25,0.041691974
47,26,-0.13015451
47,27,-0.303044536
47,28,-0.297907413
47,29,-0.29513413
47,30,-0.114855506
47,31,0.06265077
47,32,0.05680117
47,33,0.047066353
47,34,0.034319796
47,35,0.022007968
47,36,0.013401291000000001
47,37,0.008561113
47,38,0.0060338187
47,39,0.004698836
47,40,0.0039659940000000005
47,41,0.003547893
47,42,0.0033019036
47,43,0.0031540338
47,44,0.0030643675
47,45,0.00301053
47,46,0.0029797167999999997
47,47,0.00296441
47,48,0.00296045
47,49,0.0029654484000000004
48,0,0.0029982105
48,1,0.0032054237
48,2,0.0034185396999999998
48,3,0.003659666
48,4,0.0040076077000000005
48,5,0.004569818
48,6,0.0053870506
48,7,0.0062984786999999995
48,8,0.006988372
48,9,0.0073096696
48,10,0.007357704499999999
48,11,0.0072457584999999994
48,12,0.0070084976
48,13,0.006620917
48,14,0.0060250469999999995
48,15,0.0051608756
48,16,0.0040395055
48,17,0.002904499
48,18,0.0024237894
48,19,0.0035443702000000003
48,20,0.0067610230000000006
48,21,0.011682613
48,22,0.017596316
48,23,0.024140766
48,24,0.031389497
48,25,0.03943147
48,26,0.047819400000000005
48,27,0.05551921
48,28,0.061532624
48,29,0.06541249
48,30,0.06713417
48,31,0.06667379
48,32,0.06371564
48,33,0.05760055
48,34,0.047714237
48,35,0.034830852999999995
48,36,0.022345077
48,37,0.013583868999999998
48,38,0.008652013
48,39,0.006079866999999999
48,40,0.0047235509999999994
48,41,0.0039801886
48,42,0.0035565202
48,43,0.0033073928000000004
48,44,0.0031576654999999998
48,45,0.003066809
48,46,0.0030121784999999996
48,47,0.002980725
48,48,0.0029649958
48,49,0.002960545
49,0,0.0030246315999999996
49,1,0.0032243556
49,2,0.0034294915000000004
49,3,0.003660495
49,4,0.003996262
49,5,0.0045452113
49,6,0.005350858000000001
49,7,0.006258260999999999
49,8,0.0069546582999999995
49,9,0.007289096
49,10,0.0073537426
49,11,0.0072636143
49,12,0.0070583792
49,13,0.006720433499999999
49,14,0.0062000593000000005
49,15,0.0054391706
49,16,0.004420623
49,17,0.003282818
49,18,0.0025026677
49,19,0.0029388390999999995
49,20,0.0053471588
49,21,0.009704477
49,22,0.015371073
49,23,0.02182531
49,24,0.028988273999999998
49,25,0.036962584
49,26,0.045475144
49,27,0.05362373
49,28,0.06035385
49,29,0.06510083400000001
49,30,0.06784837
49,31,0.068743184
49,32,0.06774731
49,33,0.06447511
49,34,0.05819915
49,35,0.048237517
49,36,0.035276808
49,37,0.022656983
49,38,0.013759031000000001
49,39,0.00874098
49,40,0.006125424
49,41,0.004748196
49,42,0.0039943424
49,43,0.0035651522
49,44,0.0033128778000000004
49,45,0.0031612836999999998
49,46,0.0030692103000000003
49,47,0.0030137934000000004
49,48,0.0029817806
49,49,0.002965529
