0,0,0.0013909794
0,1,-0.0011204391
0,2,0.0015291636999999999
0,3,0.0006180446
0,4,0.0008171713
0,5,-0.00012116131000000001
0,6,-0.0012873212
0,7,0.001062764
0,8,-0.00023694089
0,9,-0.0017893241
0,10,0.0006875197000000001
0,11,0.0011556051
0,12,-0.0008155061500000001
0,13,0.00078714883
0,14,-0.00093202485
0,15,0.0015086442999999998
0,16,0.0013564175
0,17,-0.00031047017999999996
0,18,-0.00037881447
0,19,-0.00048212288
0,20,0.0022882320000000003
0,21,0.0008463128500000001
0,22,0.00097140635
0,23,-0.00047826907
0,24,-0.0021500231
0,25,0.0010148584
0,26,-0.0005870460299999999
0,27,0.0022878563
0,28,0.00017002062
0,29,0.0018562515
0,30,-1.1656783e-05
0,31,-0.0015186272000000001
0,32,-0.0019654904
0,33,-0.00027187576000000003
0,34,0.00023846963
0,35,-0.0006268058
0,36,-0.0010445705
0,37,0.0027124644
0,38,-0.0016828713
0,39,0.0006392378
0,40,-0.0007468201
0,41,-0.0008705419
0,42,0.00039462975
0,43,-0.00068145554
0,44,7.189938e-05
0,45,7.978791e-05
0,46,-0.00018015708
0,47,0.0012158155
0,48,0.00013974661
0,49,-0.00034844300000000004
1,0,0.0018376710000000001
1,1,-0.00023109308999999997
1,2,-0.0006896751600000001
1,3,0.0006453987000000001
1,4,-0.0009214612
1,5,0.0013206126
1,6,0.0015985325
1,7,-0.001825152
1,8,0.0007794549
1,9,0.0007151058
1,10,-0.0010266462
1,11,0.0014288704999999998
1,12,-0.002098917
1,13,-0.0012056031
1,14,0.0018170958
1,15,0.0012396508
1,16,0.0007099094
1,17,0.0003946412
1,18,0.001202257
1,19,-0.00044408835999999995
1,20,0.0013975437
1,21,0.009155570000000002
1,22,0.04288859999999997
1,23,-0.15328461
1,24,0.001101458
1,25,6.847024999999999e-05
1,26,-0.00038079877
1,27,0.0024356912
1,28,0.00487783
1,29,-0.02525722999999999
1,30,-0.0009034868
1,31,0.0016013521
1,32,-0.00015943963
1,33,0.00029055716
1,34,-0.00013416051000000003
1,35,-3.0732015000000004e-05
1,36,0.00032597256
1,37,0.00079416
1,38,0.00022556202999999997
1,39,-0.0013706384
1,40,0.0003875374
1,41,-0.001416814
1,42,-0.0018348773
1,43,-0.0008916060000000001
1,44,0.0014964215
1,45,-0.00021399409
1,46,0.000887605
1,47,0.0019280859
1,48,0.0009424549000000001
1,49,-0.0012330476
2,0,0.0018635287
2,1,-0.00022460066000000003
2,2,3.6118203e-05
2,3,-0.0011249156
2,4,0.00014047127
2,5,-0.0016033793
2,6,0.0003047376
2,7,0.0008802791999999999
2,8,0.0014705465
2,9,0.0010538575
2,10,0.00050451467
2,11,-0.0015523301
2,12,-0.00012057996000000001
2,13,0.0007950839999999999
2,14,-0.0008697429400000001
2,15,0.0005265948000000001
2,16,0.0013200786
2,17,-0.0008832153
2,18,0.0003678673
2,19,0.0009925457
2,20,-0.076543226
2,21,0.026882070000000008
2,22,0.048086429999999986
2,23,-0.017649040000000005
2,24,-0.07105862999999998
2,25,-0.05142026999999999
2,26,0.005499150000000008
2,27,-0.033078930000000006
2,28,0.04541241999999998
2,29,0.0014611200000000102
2,30,0.06457869999999999
2,31,-0.0009281438499999999
2,32,-0.00023593067000000003
2,33,0.00026572595
2,34,-0.0001782244
2,35,0.00013358296999999998
2,36,-0.0013036252
2,37,0.01734339
2,38,0.0037867008000000003
2,39,0.0011797324
2,40,-0.00010000157600000001
2,41,-0.0012517213
2,42,-0.0011575063
2,43,0.0017454296
2,44,-0.00031128692000000004
2,45,0.0003810754
2,46,-0.0013496488
2,47,-0.0018263216
2,48,0.00024652737
2,49,0.0014939515
3,0,-0.0007707123299999999
3,1,-0.0017223372
3,2,-0.0006529630999999999
3,3,-5.3804542000000005e-05
3,4,0.0004722117400000001
3,5,-0.0013446945000000002
3,6,1.2604691e-05
3,7,0.00061761553
3,8,-0.0006392757599999999
3,9,6.760098e-05
3,10,-0.0001539141
3,11,0.0011688947
3,12,0.010149712
3,13,0.026108917000000002
3,14,-0.0009649537400000001
3,15,0.00040955992999999996
3,16,-0.0008128942
3,17,0.0013527335
3,18,0.0046500526
3,19,0.046622984000000006
3,20,-0.04354852000000001
3,21,0.04672072999999999
3,22,0.031181199999999992
3,23,0.0010242699999999938
3,24,0.0061946699999999855
3,25,0.006771729999999976
3,26,0.012552569999999985
3,27,-0.053124489999999996
3,28,-0.0005976900000000118
3,29,0.0402787
3,30,0.06949769
3,31,0.040818155
3,32,-4.4874032e-05
3,33,0.00047502282999999996
3,34,0.00041683484
3,35,0.0083323335
3,36,0.017610047
3,37,0.030279087000000003
3,38,0.0016562103
3,39,0.00037232152000000004
3,40,-0.0012311292
3,41,-0.002059133
3,42,-0.0007822838
3,43,-0.0019723119
3,44,0.0009682403
3,45,0.0019424336
3,46,-0.0007083411
3,47,0.0010786321
3,48,0.00023545756000000002
3,49,0.0018682126000000002
4,0,-0.00017943856
4,1,-4.5263033999999996e-05
4,2,4.5866225000000007e-05
4,3,0.0010184937
4,4,0.00029923068
4,5,-0.0006144810500000001
4,6,-0.0013798466
4,7,-0.0011799532000000001
4,8,-0.0010907904
4,9,1.8844876e-05
4,10,0.0017183963
4,11,-0.0007445697599999999
4,12,0.026019108
4,13,0.026961593
4,14,0.027563404
4,15,0.007992394
4,16,-0.0005528254
4,17,0.008565143
4,18,0.029584955
4,19,0.045187532999999995
4,20,-0.039583250000000014
4,21,0.03019566999999998
4,22,-0.021215600000000015
4,23,-0.03723180000000001
4,24,-0.08215047
4,25,-0.019640220000000014
4,26,-0.04530465500000001
4,27,-0.07664129000000001
4,28,-0.08522952
4,29,0.000737149999999992
4,30,0.056779563
4,31,0.016972288000000002
4,32,0.011325229
4,33,0.00022583327000000002
4,34,0.010944331000000002
4,35,0.026769638
4,36,-0.07370585000000002
4,37,-0.07461610400000002
4,38,0.016244922
4,39,0.00059583684
4,40,3.9672420000000005e-05
4,41,0.0006478588999999999
4,42,-2.8289447e-05
4,43,-0.00092688424
4,44,0.0014324259
4,45,-0.00014061344
4,46,-5.1703508e-05
4,47,0.0002619879
4,48,0.0019232773999999998
4,49,0.00087571086
5,0,0.00030323386
5,1,-0.0014079675
5,2,-0.0020731020000000003
5,3,0.00024041312
5,4,-0.00058905955
5,5,-0.0016295642
5,6,-0.0002475764
5,7,-0.0009101277000000001
5,8,-0.0020735292000000002
5,9,-0.00069294276
5,10,-0.00022209116
5,11,-0.0006065844
5,12,0.027423563999999997
5,13,0.02512994
5,14,0.02646847
5,15,0.00945687
5,16,0.004207165
5,17,0.009973141
5,18,0.017001396000000002
5,19,0.039532363
5,20,0.028679099
5,21,0.018882895
5,22,-0.05278404000000002
5,23,-0.10799861600000002
5,24,-0.08754745400000002
5,25,-0.06799276000000001
5,26,-0.09494074400000002
5,27,-0.09864778800000001
5,28,-0.118109868
5,29,0.00021720002
5,30,2.4413923e-05
5,31,0.0043385066
5,32,-0.00044571211999999997
5,33,0.00016860427
5,34,0.008544425
5,35,0.029786777
5,36,-0.07429938000000001
5,37,-0.09461961600000002
5,38,0.019612707
5,39,0.009240109
5,40,0.00057541847
5,41,-0.00024393282000000004
5,42,-0.0008540919500000001
5,43,6.628584e-05
5,44,0.0019620205
5,45,3.2689684e-05
5,46,0.0011094746
5,47,1.5005469e-05
5,48,-0.0022076552
5,49,0.0004984319999999999
6,0,0.0015210695999999999
6,1,0.0005379939700000001
6,2,0.00089384185
6,3,0.0007213437
6,4,-2.7217606e-05
6,5,0.00021182082000000002
6,6,-0.0014192933
6,7,0.0015416757999999998
6,8,-0.0010916925
6,9,0.00078156864
6,10,-0.00071856775
6,11,0.0004029625
6,12,0.026350446
6,13,0.026199391000000002
6,14,0.01872438
6,15,0.0076623130000000005
6,16,-0.0006450098
6,17,0.0040489887
6,18,0.0010507447
6,19,-0.0014736321
6,20,0.02818269
6,21,0.009771125
6,22,0.0016234433
6,23,-0.0025181663
6,24,0.008514161
6,25,0.0317779
6,26,0.010049296
6,27,0.00012768712
6,28,0.001843309
6,29,-0.0014075828
6,30,0.00017475605
6,31,-0.00035850715
6,32,0.000588506
6,33,-0.00083295396
6,34,0.0050024297
6,35,0.02644418
6,36,-0.09393906500000002
6,37,-0.08267226800000002
6,38,0.02585837
6,39,0.018567817
6,40,0.0016332201000000001
6,41,0.00010494031999999999
6,42,0.00093773915
6,43,0.0012737988
6,44,0.001280536
6,45,-0.0006152013
6,46,0.00019762033
6,47,-0.0013535889999999999
6,48,0.000485076
6,49,0.00042262150000000004
7,0,0.0010928395
7,1,-0.0006077364
7,2,0.0014492068
7,3,0.0005377836
7,4,0.00022813403999999998
7,5,0.0008537142999999999
7,6,0.0005457349
7,7,-0.0008730836
7,8,0.0009841865
7,9,-0.0014861855999999999
7,10,0.0016865992999999999
7,11,0.00026917544999999996
7,12,0.027219865
7,13,0.026374616
7,14,0.0076612276
7,15,5.2148243e-05
7,16,-0.0006738933000000001
7,17,-0.0005222004
7,18,-0.00086714706
7,19,0.0013491057
7,20,0.0012294052
7,21,-0.00048246217000000004
7,22,0.0006859387
7,23,0.0015183742000000001
7,24,-0.0005434119400000001
7,25,-0.0012288853
7,26,6.0475548e-05
7,27,-0.0002813884
7,28,0.0005659835
7,29,0.0011767842999999998
7,30,-0.00095188466
7,31,-0.00028459635
7,32,-0.0018640099
7,33,-0.0019630706
7,34,0.0007393053999999999
7,35,0.01632968
7,36,0.028381599999999996
7,37,-0.08815340000000002
7,38,0.032747366
7,39,0.008844934
7,40,-0.0008061228999999999
7,41,-0.028380673
7,42,-0.00063125894
7,43,0.0012926034
7,44,1.5246042e-05
7,45,0.0009594303599999999
7,46,-0.002069151
7,47,-0.0008688712
7,48,8.30068e-05
7,49,-0.0006644560499999999
8,0,-0.0007987688
8,1,0.000468691
8,2,0.0003777627
8,3,0.00012737402
8,4,0.00061401934
8,5,-0.0009925694
8,6,-1.1114753e-06
8,7,0.00016213848999999998
8,8,-0.00031193276
8,9,0.00042098342000000005
8,10,-0.00043930346
8,11,-7.2520605e-05
8,12,0.009183541
8,13,0.0014654564
8,14,0.0008553533999999999
8,15,-0.00095678325
8,16,0.0006225362
8,17,0.0021385354999999997
8,18,0.0013136602
8,19,4.444871e-05
8,20,0.0009620742
8,21,-0.00073230395
8,22,0.00027516577
8,23,-3.8512529999999996e-05
8,24,0.0005694903
8,25,-0.0012019074
8,26,-0.00019459974
8,27,0.0013182660999999998
8,28,0.00083155924
8,29,-0.0003051242
8,30,-0.0005307924
8,31,-0.0016856479
8,32,5.1952170000000005e-05
8,33,0.00020195543999999998
8,34,0.0013797014999999998
8,35,-0.00024466312999999997
8,36,0.014054421000000001
8,37,0.030778247999999998
8,38,0.027750494
8,39,0.009501200999999999
8,40,0.00034447748
8,41,-0.015540084
8,42,-0.00033308892
8,43,-0.00042261212
8,44,-0.0008851077999999999
8,45,-0.0002872749
8,46,0.00084054994
8,47,0.0013741145
8,48,-0.00018007576
8,49,-0.0010357087
9,0,0.0015269237
9,1,0.0009005264
9,2,-0.00028243905
9,3,0.00015636196000000003
9,4,-0.00027706882000000003
9,5,8.702744000000001e-05
9,6,-0.0004082917
9,7,0.00053087017
9,8,0.0010795393
9,9,-0.0009011524
9,10,-8.901767400000001e-05
9,11,0.0007401334599999999
9,12,-0.0014873606
9,13,-0.0005937264
9,14,-0.00023130316000000002
9,15,0.0010139361999999999
9,16,0.0005478837400000001
9,17,7.385167e-05
9,18,0.0011423654
9,19,-0.0005233119
9,20,-0.00062541355
9,21,0.0004940758999999999
9,22,6.564509e-05
9,23,0.0014545654
9,24,-0.0011468293
9,25,0.0005514055
9,26,-0.0014141382
9,27,0.0017044916
9,28,0.0010755148
9,29,0.0020555654000000002
9,30,-0.0006954656
9,31,0.0008872744
9,32,0.00013904105
9,33,-0.0014420294
9,34,-0.00087434007
9,35,-0.00034669519999999996
9,36,-0.0014507251000000002
9,37,-0.00024550076
9,38,-0.0004063096
9,39,-0.0004330614
9,40,0.0017540285
9,41,0.00047710666
9,42,-0.0010710082
9,43,-0.0009723924
9,44,0.0003092994
9,45,-0.00048744114
9,46,-0.00024964363999999996
9,47,0.00043759303
9,48,0.00036702239999999997
9,49,0.0019812495
10,0,0.00025884599999999997
10,1,0.0007474982400000001
10,2,-0.00044090376
10,3,0.00034267352999999993
10,4,-0.00032219
10,5,-0.00022892362999999997
10,6,0.0004886758
10,7,-0.00046506695999999994
10,8,0.002281821
10,9,-0.0009605292999999999
10,10,0.0012475373
10,11,-0.0016712494
10,12,-0.004134912
10,13,0.0066612500000000074
10,14,-0.0056433314
10,15,0.0014914451000000001
10,16,-0.0010089434
10,17,0.00074590667
10,18,-7.707649e-05
10,19,0.0014046198999999998
10,20,-0.00035889132000000004
10,21,0.0009747305
10,22,-0.0009511157400000001
10,23,-0.0011444374
10,24,0.00038028526
10,25,-0.00074733223
10,26,0.00015636784
10,27,-0.0012130088
10,28,0.00046287442
10,29,-0.0014751689
10,30,0.0009940453
10,31,0.00040781425
10,32,-0.0009731788000000001
10,33,-0.0010184197
10,34,0.0011569746
10,35,0.0002894948
10,36,0.0016278782
10,37,-0.006710915400000001
10,38,-5.9078593e-05
10,39,-0.0014889761
10,40,0.017642312
10,41,0.018258693
10,42,0.018140605
10,43,0.026589078999999998
10,44,0.022837662999999998
10,45,-0.0007799607700000001
10,46,0.014313776
10,47,0.011914339
10,48,-0.0008629224
10,49,0.0006425626
11,0,-0.0011090476
11,1,0.0014549622
11,2,-5.8583566e-05
11,3,0.00010702782
11,4,0.029129377999999997
11,5,0.027905388
11,6,0.026194113999999998
11,7,0.02802986
11,8,0.018254114
11,9,0.00023596932
11,10,-0.0016174085999999999
11,11,-0.026926457999999997
11,12,-0.07316730999999999
11,13,0.000580160000000024
11,14,-0.025696075
11,15,-0.0015249166
11,16,-0.0007254000500000001
11,17,3.2210429999999994e-05
11,18,0.0020023626
11,19,-0.00064146327
11,20,0.0003943051
11,21,0.0021915276999999998
11,22,-0.00051069574
11,23,-9.384046999999999e-05
11,24,-0.0013302163
11,25,-0.0019455319
11,26,0.0010708238
11,27,1.6451231e-05
11,28,-0.0001448555
11,29,0.0012344935
11,30,0.0005244511
11,31,0.00042451114999999997
11,32,-0.001435711
11,33,-0.0010388332000000001
11,34,0.0010559524000000001
11,35,-0.0002844923
11,36,-0.007970668
11,37,0.010910900000000001
11,38,0.03160597000000001
11,39,-0.0013254798000000001
11,40,0.0005887265
11,41,-0.09077654000000002
11,42,-0.08670819500000002
11,43,0.032474406000000004
11,44,-0.09434084000000001
11,45,-0.08121790000000001
11,46,0.020006232
11,47,0.017271541
11,48,0.0022336412
11,49,-0.002388451
12,0,-0.0012609985
12,1,0.0001217082
12,2,0.0014082829000000002
12,3,0.00035072456
12,4,0.030394621
12,5,0.031125293999999998
12,6,0.028525071000000003
12,7,0.027191628
12,8,0.008794099
12,9,-0.0009245318
12,10,0.001013543
12,11,-0.14536612
12,12,0.03118728000000001
12,13,-0.048129696
12,14,-0.0029484744
12,15,0.0011185162
12,16,0.000502075
12,17,0.0006093754
12,18,-0.0016809334
12,19,0.0020535418
12,20,0.00010748536400000001
12,21,-0.0007061749
12,22,0.00023456506
12,23,-0.0012280722999999999
12,24,-0.0026138404000000002
12,25,0.0010461569
12,26,0.00028293906000000004
12,27,0.00024874666
12,28,0.00076296565
12,29,-0.0014010371
12,30,-0.0009015883599999999
12,31,8.417921999999998e-05
12,32,-0.0007064008
12,33,-0.0018697826000000002
12,34,-0.0018959553
12,35,-0.00040532370000000004
12,36,-0.0026441077000000004
12,37,-0.0051797424
12,38,0.04583081400000001
12,39,-0.0011328352
12,40,0.002084308
12,41,0.03240179
12,42,-0.08146552000000001
12,43,-0.06827526000000002
12,44,-0.05806048000000001
12,45,-0.07979119500000001
12,46,0.017385771
12,47,0.00046616617999999994
12,48,-4.956918e-05
12,49,0.00097364397
13,0,0.0013882357999999999
13,1,-0.0011456997999999999
13,2,0.0014561168
13,3,-0.0019270316
13,4,0.008606873000000001
13,5,0.02743321
13,6,0.02368799
13,7,0.01056825
13,8,0.0010361825
13,9,0.00016190646999999998
13,10,-0.00030776253
13,11,-0.02211745
13,12,-0.020135667
13,13,-0.0036466696999999998
13,14,-0.0043362620000000004
13,15,3.104238e-05
13,16,0.0007062057
13,17,-0.0007752710400000001
13,18,-0.00068347796
13,19,0.0007486486
13,20,0.0017014524
13,21,0.00043516029999999997
13,22,0.000751245
13,23,0.000104674575
13,24,0.0007577741
13,25,0.0008407894
13,26,-0.0011187225
13,27,-0.00012112287
13,28,0.00040504447
13,29,0.00067925535
13,30,-0.00029759516
13,31,0.0011366978
13,32,-0.0017970867999999999
13,33,0.0014292973
13,34,0.0029810863
13,35,-0.03186255
13,36,0.00057926984
13,37,-0.0061800927000000005
13,38,-0.080675274
13,39,0.00028470135
13,40,-0.0012945626
13,41,0.016579881
13,42,0.028156865
13,43,0.03230903
13,44,-0.06880110400000002
13,45,0.030456174
13,46,0.0037888074
13,47,-0.00032314024
13,48,0.00027873134
13,49,0.00021621195
14,0,-9.6726e-06
14,1,0.000533155
14,2,-0.0006141735
14,3,0.00022048922000000002
14,4,0.008046186
14,5,0.025913466
14,6,0.024695184
14,7,0.00058993837
14,8,0.0017629544
14,9,0.000110573485
14,10,0.0016325151999999998
14,11,0.0005700871
14,12,-0.0022063402
14,13,0.0009129848300000001
14,14,-0.0040554176
14,15,0.001394439
14,16,-0.00031235522999999995
14,17,-0.0014688696
14,18,-0.002092853
14,19,0.000900526
14,20,0.0006405061599999999
14,21,0.001635982
14,22,0.0011669379
14,23,0.0015259013
14,24,0.0017363557
14,25,0.00036028947
14,26,-0.00016069773000000002
14,27,-0.0007763346
14,28,5.7231526e-05
14,29,0.0016167467
14,30,0.0018721053
14,31,-0.0015181997
14,32,-0.0003490136
14,33,0.0009307107000000001
14,34,-0.0005965205000000001
14,35,-0.007153174
14,36,0.00021532223999999999
14,37,-0.0013006580000000001
14,38,-0.009678047
14,39,-8.455786e-05
14,40,0.001273239
14,41,-0.00012941821000000001
14,42,0.014821768999999999
14,43,0.026623427999999998
14,44,0.027067183999999998
14,45,0.016843017
14,46,-3.158243e-05
14,47,-0.0009769734
14,48,-0.00058233115
14,49,-8.208153e-05
15,0,-0.0018155660999999998
15,1,-0.0018307923999999998
15,2,0.0011371773
15,3,0.018929755
15,4,0.027813132999999997
15,5,0.029625226
15,6,0.018638982
15,7,-0.00087444746
15,8,-0.0007998725
15,9,-0.0008983832699999999
15,10,-0.0015272927
15,11,0.00042816117999999997
15,12,0.00049737253
15,13,-0.0010240979
15,14,-0.00042953592000000005
15,15,-0.0003181768
15,16,-0.0008863471400000001
15,17,-0.0006492882
15,18,0.0016960247
15,19,-0.0009322214
15,20,-0.0013498448999999999
15,21,-0.001805891
15,22,0.0016929812
15,23,-0.0005702597599999999
15,24,-0.00015188799999999998
15,25,-0.0005162384
15,26,-0.0015923547
15,27,-0.0007304957000000001
15,28,-0.0008430740600000001
15,29,-0.0013258497
15,30,-0.0006467717
15,31,-0.0017929872
15,32,0.0018900195000000001
15,33,9.131174e-06
15,34,-0.0020070039999999997
15,35,-0.0010133613
15,36,-0.0006498844999999999
15,37,0.0007214914
15,38,0.0010312562
15,39,5.7737343e-06
15,40,0.0006407967
15,41,-0.0008690685499999999
15,42,-0.0010647236
15,43,0.00051013415
15,44,0.013986565
15,45,-0.00021082069999999999
15,46,-0.00070216984
15,47,-0.00045284303
15,48,-0.0007582264999999999
15,49,2.9727002e-05
16,0,0.000122001045
16,1,0.00053314
16,2,0.012770143000000001
16,3,0.024371762
16,4,0.02720216
16,5,-0.11062472400000001
16,6,0.0012634941
16,7,0.00012769434
16,8,-0.00096745894
16,9,0.0014269592
16,10,-0.0008226381599999999
16,11,0.0008131649000000001
16,12,-0.00024609919999999996
16,13,0.00076749304
16,14,0.0014818304
16,15,-0.0004851225
16,16,0.0013015949
16,17,0.0015198789000000002
16,18,0.0023123363
16,19,0.00015180587
16,20,8.808327e-05
16,21,0.00048088026
16,22,0.0007653346000000001
16,23,-0.0015607077
16,24,-0.0011562735000000002
16,25,0.0011612319
16,26,0.0017805810999999999
16,27,0.0008135567
16,28,0.0010385560000000002
16,29,-0.0028195395
16,30,0.000943698
16,31,0.0005410976
16,32,0.0010550717
16,33,0.00025753482000000005
16,34,0.0019507404999999998
16,35,0.0009811918
16,36,-0.00036171498
16,37,-0.0008156168
16,38,-0.0019883988
16,39,-0.0017455727
16,40,-0.00034720709999999996
16,41,0.00018921203
16,42,-0.00046403985
16,43,-0.00012352573999999998
16,44,-0.0005856608000000001
16,45,-0.0007641058999999999
16,46,0.00027121227999999997
16,47,-0.0010116955000000001
16,48,0.0007924576
16,49,0.0014997224
17,0,0.0006169590599999999
17,1,-0.00048670440000000005
17,2,0.008496791
17,3,-0.09507966000000001
17,4,-0.08684393000000001
17,5,-0.09710745500000001
17,6,0.002488264
17,7,-0.0012753451
17,8,0.0022013595
17,9,0.00032836862
17,10,0.0011428981
17,11,-0.0006889258
17,12,-0.0005940632
17,13,-0.00067680515
17,14,-0.0009607735
17,15,-7.921596999999999e-05
17,16,0.00032559223
17,17,-0.0012237334
17,18,-5.0142902e-05
17,19,-0.0013591825
17,20,0.00015202086
17,21,5.724374e-06
17,22,-0.00053080125
17,23,0.0001264239
17,24,-0.00017338595000000002
17,25,-0.0021974407
17,26,0.0016054582999999998
17,27,-0.00032096647
17,28,-0.0012129948
17,29,0.0005789356700000001
17,30,0.0007693075500000001
17,31,0.00017192773999999997
17,32,0.0008785412599999999
17,33,-0.0022970717
17,34,-0.0016354161999999998
17,35,-0.0007388604
17,36,-0.00031729415
17,37,-0.00020148698
17,38,-0.000396113
17,39,-0.0019764067000000002
17,40,0.00076839863
17,41,-6.812479e-05
17,42,0.0009178316999999999
17,43,0.0013995249
17,44,0.008747621
17,45,0.012935137
17,46,-0.0006538288400000001
17,47,0.00012578703000000002
17,48,-0.00054848637
17,49,0.0005536856500000001
18,0,-0.0017104335
18,1,0.025541902999999998
18,2,-0.06015319000000001
18,3,-0.018821310000000008
18,4,-0.03351581000000001
18,5,-0.07728168000000002
18,6,-0.09503814500000002
18,7,6.368215e-05
18,8,-0.000736111
18,9,0.0017831982
18,10,-0.0009870329
18,11,0.00035703705999999997
18,12,-0.0012538056
18,13,-0.0006733058
18,14,0.0009155362
18,15,0.0007042232000000001
18,16,-8.7001055e-05
18,17,-0.00024944602000000004
18,18,0.0012410723
18,19,0.0010192486
18,20,-0.00215272
18,21,0.002506531
18,22,0.00015122257
18,23,0.0018090935999999999
18,24,-4.903e-05
18,25,0.0004246107
18,26,0.00041899015
18,27,0.0010265361
18,28,0.00039409904
18,29,0.00034061237
18,30,-0.0014563438
18,31,-0.00041575395
18,32,-0.0009585303999999999
18,33,-0.0015453101
18,34,0.00018820276999999998
18,35,0.0017534405
18,36,0.0006330418
18,37,0.00015330405
18,38,-0.0005836647499999999
18,39,-0.0013619765
18,40,2.0649633e-05
18,41,-0.00012057682
18,42,-0.00042455875999999995
18,43,-0.0006639946000000001
18,44,0.017568745
18,45,0.05757382
18,46,0.03794515
18,47,-4.5957974999999994e-05
18,48,-0.0012598165
18,49,-0.0006393808999999999
19,0,-0.00012568296999999998
19,1,-0.03953685000000001
19,2,-0.06108787999999998
19,3,-0.11590014999999998
19,4,0.019328309999999987
19,5,-0.007296130000000012
19,6,-0.04763798000000001
19,7,3.6666926e-05
19,8,0.0014174164999999999
19,9,0.00051736186
19,10,0.00021669408
19,11,0.00058066496
19,12,-0.0015083432999999998
19,13,0.0014239796
19,14,0.0019342997
19,15,0.0002509057
19,16,0.0021596798
19,17,0.00045372325
19,18,-0.00017563568
19,19,0.00012877716999999998
19,20,0.002087085
19,21,-1.6645120000000002e-05
19,22,0.00055953785
19,23,0.00014545696
19,24,-0.0017967909
19,25,0.001422685
19,26,3.0020229999999996e-05
19,27,-0.00048443954000000004
19,28,-0.0014856536
19,29,-0.00021396962000000004
19,30,0.00010722369
19,31,0.001785774
19,32,-0.00041250547
19,33,-0.0007676272
19,34,0.00017381493999999998
19,35,-0.0022566295
19,36,-0.000408946
19,37,-0.0011804050999999999
19,38,0.0005834042
19,39,-0.0011303499
19,40,-0.000596834
19,41,-0.000109961315
19,42,-5.7796133e-05
19,43,-0.0012272517
19,44,0.03066371
19,45,-0.016750050000000016
19,46,-0.013636840000000011
19,47,-0.04475806600000001
19,48,-0.0020694757999999997
19,49,0.0017561222
20,0,-0.00088727375
20,1,0.005549400000000038
20,2,0.002624430000000011
20,3,-0.028738299999999994
20,4,-0.005817469999999991
20,5,-0.021976280000000015
20,6,-0.05269845000000001
20,7,0.0036612817
20,8,0.0015595122
20,9,-0.00013079486
20,10,-0.00045556301
20,11,-0.0008184555
20,12,0.0012318814
20,13,0.001267341
20,14,0.0015716972
20,15,-0.0008652071
20,16,-0.00074410334
20,17,-0.00068257074
20,18,0.0005930415
20,19,0.0009167922
20,20,0.00013000512
20,21,0.0007662274000000001
20,22,-0.00016485875
20,23,0.00045707150000000004
20,24,-0.00012663865
20,25,0.0011498069
20,26,-0.00097483955
20,27,0.0008566822000000001
20,28,-0.0017934913
20,29,-0.0013495117
20,30,-0.0017363147
20,31,-0.0013831976
20,32,-0.00085808337
20,33,-0.0018341489000000002
20,34,-3.4117314000000004e-05
20,35,0.00039687668
20,36,-0.001841035
20,37,0.0006347112
20,38,-0.0013459448999999998
20,39,-0.00037279306000000004
20,40,-0.0015816448000000002
20,41,-0.0012223552000000001
20,42,-0.0008337016
20,43,-0.0008099393
20,44,-0.05423724000000002
20,45,0.014187139999999987
20,46,0.005535970000000001
20,47,0.0417507
20,48,-0.046330960000000004
20,49,6.872055e-05
21,0,0.0014351342
21,1,0.23034425
21,2,0.002488060000000014
21,3,0.03997910000000002
21,4,-0.029847029999999997
21,5,0.04019072999999998
21,6,-0.08228196000000002
21,7,0.00046022782999999995
21,8,-0.0005094207599999999
21,9,-0.0008799896000000001
21,10,-0.0007104592500000001
21,11,0.0003155684
21,12,-0.00036393327000000005
21,13,-0.0005627103400000001
21,14,-5.9696817e-05
21,15,-0.0009940709
21,16,0.00091624144
21,17,0.00020959193
21,18,-0.00046730905999999993
21,19,0.0015038685
21,20,-0.0014482707
21,21,0.0014333244
21,22,0.0006405938
21,23,0.00163051
21,24,0.0013505759
21,25,-0.0012807644000000001
21,26,0.00031585974
21,27,0.0010191512
21,28,0.00014338177
21,29,-0.0005030717
21,30,-0.0012156016
21,31,2.81604e-05
21,32,-0.0014845814000000001
21,33,-0.0015705191
21,34,3.9441859999999996e-05
21,35,0.001405941
21,36,-0.0016567819
21,37,0.0013268415
21,38,-0.00026216908
21,39,-0.0007326155999999999
21,40,-0.0013030404
21,41,0.0009189933999999999
21,42,-0.0007713105
21,43,0.0012340043
21,44,-0.10109651800000001
21,45,-0.09122633999999999
21,46,0.04285874999999997
21,47,0.053258480000000025
21,48,0.0010522278
21,49,0.00045454016
22,0,0.0014971428
22,1,0.15520343
22,2,0.0002538000000000262
22,3,0.008855279999999993
22,4,0.01033199999999998
22,5,0.009730679999999992
22,6,0.02757772
22,7,-0.0005576998
22,8,-0.0011811451
22,9,0.00087934115
22,10,0.0011620285
22,11,-0.0012689539999999999
22,12,-0.0011709643
22,13,-0.00018994368000000003
22,14,-0.00059490674
22,15,-0.00078190025
22,16,-0.00039797199999999996
22,17,-0.00017304998
22,18,-0.00093111716
22,19,-0.0008920722
22,20,-0.001484176
22,21,-0.0006502233999999999
22,22,1.1179713e-05
22,23,-0.0011125642
22,24,-0.0007773808999999999
22,25,-0.00047510664000000003
22,26,-0.0011311164
22,27,-0.0008820708
22,28,-0.0014112266
22,29,0.00032652692999999997
22,30,0.0019247733
22,31,0.00143731
22,32,-0.001072381
22,33,-0.00070202
22,34,0.0008079214999999999
22,35,0.0005278668
22,36,0.0011661539
22,37,-0.00057696865
22,38,-0.00033106747999999997
22,39,9.036672399999999e-05
22,40,-0.0018034173000000002
22,41,-0.0018302979000000001
22,42,-0.0006956187
22,43,0.008518188000000001
22,44,0.06844174
22,45,0.018257249999999975
22,46,0.03910559999999999
22,47,0.0392951
22,48,0.0030099833
22,49,0.0005026432
23,0,8.753826999999999e-05
23,1,0.047536757
23,2,0.020464540000000003
23,3,-0.052398890000000004
23,4,-0.10439209200000002
23,5,-0.10529143300000002
23,6,0.004893414699999999
23,7,0.00015904353
23,8,0.0020463485
23,9,0.0011166898
23,10,-0.0011334878
23,11,0.0018047776999999998
23,12,-0.00026551563999999996
23,13,-0.0013770014000000002
23,14,0.00042435330000000003
23,15,-0.0009140003
23,16,-0.0009207735
23,17,-0.00017134793000000002
23,18,0.0003210932
23,19,0.0015031861
23,20,-0.0005581854
23,21,-0.0022153086
23,22,0.00012016055
23,23,0.00010191352
23,24,0.00013374357
23,25,0.00029571462000000005
23,26,5.626594e-05
23,27,-0.0007015002
23,28,-0.0011339621000000001
23,29,0.00097586785
23,30,-0.00021220585999999998
23,31,0.00041866035
23,32,-0.00013779226999999998
23,33,0.001417516
23,34,-0.0010745829
23,35,-0.001540353
23,36,-0.0011710005000000001
23,37,0.00065798836
23,38,0.0019617765
23,39,3.365078e-05
23,40,0.0010078127
23,41,0.0020187113
23,42,0.020769285
23,43,0.033118642999999996
23,44,0.117543176
23,45,0.17455177
23,46,-0.02921760000000001
23,47,-0.095657804
23,48,-0.0001866502
23,49,-0.0009778702000000001
24,0,-0.00067383435
24,1,0.0013924072
24,2,-0.004275380000000023
24,3,-0.09505163400000002
24,4,-0.12884449250000002
24,5,0.0018152172000000001
24,6,-0.0004045684
24,7,-0.0008809909
24,8,0.00017244676
24,9,-0.0007222097
24,10,-5.597432e-05
24,11,0.00083170354
24,12,0.0013048572
24,13,0.000419545
24,14,-0.011540638999999998
24,15,-0.0034298709999999997
24,16,0.0020808617
24,17,0.0016218572
24,18,0.00040502066
24,19,0.0010543701
24,20,0.0007842827499999999
24,21,0.0002873586
24,22,0.0008897900999999999
24,23,-0.00042987184
24,24,-0.0017139734
24,25,-0.0014581627999999999
24,26,0.0019295171
24,27,0.00020190507
24,28,-0.00062300044
24,29,-0.000632995
24,30,-0.00040900102
24,31,0.0002991188
24,32,-0.0013241867999999998
24,33,0.0030251588
24,34,0.0011248296000000001
24,35,-0.0020276486999999998
24,36,-0.0003433443
24,37,0.0013651459
24,38,0.0012393746
24,39,0.00044298300000000004
24,40,0.0001105603
24,41,0.0007592196300000001
24,42,0.021373574
24,43,0.034149002000000005
24,44,0.124580875
24,45,0.17213334
24,46,0.008074969999999987
24,47,-0.024313100000000004
24,48,0.0019098482
24,49,0.0020371482
25,0,-7.463126500000001e-05
25,1,0.0011860286
25,2,0.0015664379999999999
25,3,0.009332693000000001
25,4,0.009426182
25,5,0.00023347652000000002
25,6,0.001108535
25,7,-0.00036070746
25,8,0.0004216719
25,9,1.1957134e-05
25,10,-0.0011190358
25,11,-0.0017649729000000002
25,12,-0.05412825
25,13,-0.08553626
25,14,-0.0033395199999999847
25,15,-0.007243777
25,16,0.00030827918
25,17,0.0014151911
25,18,-0.0016659312
25,19,0.0010560419
25,20,0.0016133763
25,21,0.00049030926
25,22,-0.0027774186
25,23,-0.00044124015
25,24,-0.0024154524
25,25,0.00035678443999999994
25,26,-0.00034693792
25,27,-0.00016946299
25,28,0.00021687371
25,29,-0.0009434710000000001
25,30,-0.0022288691
25,31,-0.0018213212
25,32,-0.00041861116
25,33,-0.0014592607999999998
25,34,0.0004916657
25,35,0.0022483089
25,36,-0.0005692041000000001
25,37,0.00020173698
25,38,5.4538017e-05
25,39,0.0013914827
25,40,0.0013082167
25,41,0.0014038826000000002
25,42,-0.00044807180000000003
25,43,0.019959975
25,44,-0.07449215000000001
25,45,0.013019789999999976
25,46,-0.005964650000000016
25,47,0.0009390800000000366
25,48,0.0009991992
25,49,-0.0011029247
26,0,-0.0007167939299999999
26,1,0.00040101760000000003
26,2,-0.0005853232599999999
26,3,0.0004408236
26,4,0.0025378367999999998
26,5,-0.0015941078
26,6,0.00053897535
26,7,0.0008850094
26,8,-0.0003791178
26,9,-0.0011811255999999999
26,10,0.0010597992999999998
26,11,-9.694719e-05
26,12,0.07243838000000001
26,13,-0.017016669999999984
26,14,0.061833639999999995
26,15,0.03892270000000003
26,16,-0.0035019529
26,17,0.00016838801
26,18,0.0016694204000000002
26,19,0.0014461875
26,20,-0.0016845785000000001
26,21,0.00019169872
26,22,-9.746430399999999e-05
26,23,0.0010622767999999999
26,24,0.0010627442
26,25,-6.4299675e-05
26,26,0.0009171626300000001
26,27,-0.00015212392
26,28,0.00088997645
26,29,0.00046646062000000005
26,30,-0.00027173595
26,31,0.00078530115
26,32,-0.0010628352
26,33,0.0009561664
26,34,0.001383695
26,35,0.0012100375
26,36,-0.0015829763000000001
26,37,0.0009790491
26,38,0.0012543555000000001
26,39,0.0007384127
26,40,-9.9459554e-05
26,41,-0.00054059376
26,42,-3.7039223e-05
26,43,0.020849331999999998
26,44,-0.020288735000000016
26,45,-0.012424100000000021
26,46,0.04952204000000002
26,47,0.07718106999999999
26,48,-0.13420882
26,49,-0.0022218768
27,0,-0.0014633776
27,1,-0.0026466069
27,2,0.0012669064999999999
27,3,0.0011830863
27,4,0.002314563
27,5,-0.00021855922999999998
27,6,-0.0011491536
27,7,0.00036912924
27,8,-0.0010161827
27,9,0.0018625988
27,10,-0.00027779792
27,11,-0.0014498776
27,12,-0.0032821240000000004
27,13,-0.08603372000000001
27,14,-0.021173129999999984
27,15,-0.021404780000000012
27,16,-0.03340429999999997
27,17,-0.00404436
27,18,-0.0016475548000000001
27,19,-0.001568468
27,20,-0.0007532805999999999
27,21,0.00016950397000000002
27,22,0.0016214672
27,23,0.0007435634
27,24,0.0006250557499999999
27,25,-0.0009460623
27,26,-0.0021533566
27,27,-0.0017163876000000002
27,28,0.00046234980000000003
27,29,0.0015421179
27,30,0.0005615172
27,31,0.0011056936
27,32,-0.0006035854
27,33,0.00043779495000000003
27,34,-0.00030484336
27,35,0.00023941041
27,36,-0.0013739135999999998
27,37,-0.0001871023
27,38,-0.00021411527999999998
27,39,0.0016877338000000001
27,40,-0.0010414566
27,41,0.0011963393
27,42,0.0014515796
27,43,0.027454896
27,44,-0.01639157500000002
27,45,0.011091500000000004
27,46,0.03697200999999997
27,47,0.04762511999999999
27,48,0.03632346
27,49,-0.00103417
28,0,-0.0008084247999999999
28,1,0.0012708552
28,2,0.0010891127
28,3,-0.0010757705
28,4,0.0010115664
28,5,-0.00019960426
28,6,-1.1496479e-05
28,7,0.0009410596
28,8,-0.0016734335999999998
28,9,-0.0005899079
28,10,-0.0012506163999999999
28,11,0.0009918888999999999
28,12,-0.0010936144
28,13,-0.0005051857
28,14,-0.0042060814000000005
28,15,0.0007077508
28,16,0.0010720876
28,17,0.0010247823
28,18,0.0006631956
28,19,-0.0006884689999999999
28,20,0.0016025880999999999
28,21,-3.8787548e-05
28,22,-0.0015381894
28,23,-0.0004319238400000001
28,24,0.00028560782000000004
28,25,0.0005461040000000001
28,26,-0.0022988971
28,27,-0.0010848411999999999
28,28,0.00055317365
28,29,-8.517003e-05
28,30,0.00020298467
28,31,0.0016938708
28,32,7.5466e-05
28,33,2.5579677000000002e-05
28,34,0.000594078
28,35,0.0009603221
28,36,0.0011138418
28,37,0.00039204897000000007
28,38,-0.0009809807
28,39,0.0009856551
28,40,0.00021808915
28,41,0.0007103658
28,42,-0.0014599109
28,43,-0.10861991000000001
28,44,-0.009530560000000021
28,45,-0.034484669999999995
28,46,0.04745073999999999
28,47,0.055750119999999986
28,48,-0.05504185000000002
28,49,-0.001034423
29,0,0.0020828182000000002
29,1,0.001243929
29,2,-0.00056896673
29,3,-0.0002854286
29,4,0.0001621386
29,5,-0.0017656484
29,6,0.0009360382699999999
29,7,0.0019884576999999997
29,8,0.00054199307
29,9,-0.00031551812
29,10,-0.00086130784
29,11,-0.0012119914999999999
29,12,0.0009299243699999999
29,13,-0.0010928067
29,14,-0.0012237858
29,15,-0.04657316
29,16,-0.047771762999999995
29,17,0.00023893967999999996
29,18,-0.00032795753
29,19,0.0011332063
29,20,0.0010033111
29,21,4.7837268e-05
29,22,-0.0008441899
29,23,0.0009191622
29,24,0.0013829593
29,25,-0.0007043342
29,26,-0.0014064210000000001
29,27,0.00032801845
29,28,-0.000634179
29,29,0.0013510888000000001
29,30,-8.328818e-05
29,31,-0.0008626777000000001
29,32,-0.00012444983999999998
29,33,-0.000409843
29,34,-0.0003027318
29,35,-0.0005218374
29,36,0.001289049
29,37,-0.0011334136
29,38,-0.00043733697
29,39,-0.00056422333
29,40,0.00036372023
29,41,0.0010902388
29,42,6.442133000000001e-05
29,43,0.044998567999999996
29,44,0.08218379
29,45,0.10230088
29,46,0.0719033
29,47,0.00017345569
29,48,0.00044251587999999994
29,49,-0.00029620220000000004
30,0,0.00092746975
30,1,0.0005395296
30,2,0.00045758089999999995
30,3,-0.00034960848
30,4,0.00012264072
30,5,-0.00032928732
30,6,-0.0010336931
30,7,-0.0011630474
30,8,0.002130335
30,9,0.0019522714000000001
30,10,4.992829000000001e-05
30,11,-0.0010724036
30,12,-0.0007697749000000001
30,13,0.0012376052
30,14,0.001051822
30,15,-0.00027229526
30,16,-0.0007628884599999999
30,17,-0.0012727139
30,18,0.0010646915
30,19,0.0002632467
30,20,-0.00035648257000000003
30,21,-0.0010506619
30,22,0.002243276
30,23,-0.00032775682999999995
30,24,-0.0009912874000000001
30,25,0.0008069004400000001
30,26,0.0023177005
30,27,-0.00044458754999999995
30,28,-0.00038143236000000004
30,29,0.0013386944
30,30,9.003134599999999e-05
30,31,0.0005471327
30,32,0.00018385343999999997
30,33,0.00031614222000000004
30,34,-0.0006939805
30,35,0.000110900844
30,36,-0.0010210017
30,37,0.0003528003
30,38,0.001794746
30,39,0.001208292
30,40,3.150245e-05
30,41,2.1549291e-05
30,42,-0.0014399487
30,43,0.002256714
30,44,0.05604913
30,45,0.05052979
30,46,0.014016799
30,47,-0.00036289397000000006
30,48,0.0020871826
30,49,0.00012727803999999999
31,0,-0.001215893
31,1,0.0009128417
31,2,0.00040391565000000003
31,3,-0.001296079
31,4,-0.0010850548
31,5,0.0010588328999999999
31,6,0.00033506169999999996
31,7,-0.0008541775
31,8,0.00141473
31,9,0.0009522571000000001
31,10,-0.0007446188
31,11,0.0007920974000000001
31,12,-0.0009722365
31,13,-0.0005344526
31,14,0.0008311861
31,15,0.0010519963
31,16,-0.00032674032000000003
31,17,-0.030466985
31,18,-0.020494119999999977
31,19,-0.0171192
31,20,0.000734895
31,21,0.0010456012
31,22,-0.00024331313999999998
31,23,0.00086226617
31,24,-0.0002035955
31,25,-0.0004805946400000001
31,26,0.00078630436
31,27,-0.0016673360000000002
31,28,-0.000895638
31,29,0.0011431399000000001
31,30,-0.0018973728
31,31,0.00036915502
31,32,-0.00095168257
31,33,-0.00055966864
31,34,0.0008685924000000001
31,35,0.0005492099
31,36,0.0005848846599999999
31,37,0.0010614941
31,38,-0.0018125444
31,39,-2.7532922e-05
31,40,-0.0006080738400000001
31,41,-0.00018930578999999998
31,42,0.000923507
31,43,0.022904562000000003
31,44,0.023478843
31,45,-0.0006293033
31,46,-0.0007626436999999999
31,47,0.0018189235999999998
31,48,0.0019125757000000001
31,49,-0.00016884774
32,0,-0.0012276836
32,1,0.0004400293
32,2,-0.0011211587
32,3,-0.0019604384
32,4,0.0020635272
32,5,-0.0022562593
32,6,-0.0008817297599999999
32,7,0.0020606807
32,8,0.00016706449
32,9,0.00029635677
32,10,-0.00151459
32,11,0.00029749773
32,12,0.0005891375
32,13,0.0005929044
32,14,0.0015304442000000002
32,15,0.00030295027
32,16,0.0008082914
32,17,-0.010475153000000001
32,18,-0.008178309999999994
32,19,-0.01952651999999999
32,20,-0.004562688499999999
32,21,-0.0007320873
32,22,0.0016906258
32,23,-0.0006454201
32,24,-0.0005970226
32,25,-0.0005369291
32,26,-0.00050135807
32,27,-0.0013117129000000001
32,28,0.0008297355400000001
32,29,-0.0009184617999999999
32,30,-0.0010900069
32,31,0.00018466532
32,32,0.0019898342000000003
32,33,0.0008620097
32,34,-0.000591698
32,35,-0.0009902986
32,36,2.7786300000000002e-05
32,37,-0.0008617116
32,38,0.0005847642
32,39,-0.0012939889
32,40,0.0011443393
32,41,-8.728064000000001e-05
32,42,0.0017154382999999998
32,43,0.0007647845
32,44,0.00023666432
32,45,0.0005644856
32,46,0.0006432971
32,47,-0.00032475416
32,48,-0.0007718908599999999
32,49,-0.0016393351999999999
33,0,0.000392252
33,1,-0.0009006362
33,2,0.0003763092
33,3,0.0010851860000000001
33,4,-0.0007908483
33,5,0.0009982921
33,6,-2.8476556e-05
33,7,0.0015465645
33,8,0.00040141644
33,9,0.00074188947
33,10,-0.0006344679
33,11,-0.00041102892
33,12,0.0015931899
33,13,0.00024474319999999997
33,14,-0.0009127883
33,15,-0.0010689710000000002
33,16,-0.0017117732999999999
33,17,0.00015852845
33,18,-0.021648577999999998
33,19,-0.0065984299999999885
33,20,0.0010797744999999999
33,21,-0.0044371095000000004
33,22,-2.9363146000000003e-05
33,23,-0.036026317999999995
33,24,-0.032345477000000004
33,25,0.0007295761
33,26,-0.00070036063
33,27,0.0006964876
33,28,-0.00035963836000000004
33,29,-0.0011349171
33,30,-0.001673676
33,31,0.0009896462
33,32,-0.0007368483
33,33,0.0007745009
33,34,-0.00022604136
33,35,0.0008563297999999999
33,36,0.0011523710000000001
33,37,-0.0018656453
33,38,-0.0063737077
33,39,-0.00019945740000000003
33,40,-0.00016294663999999999
33,41,-0.0015510758
33,42,6.882311e-05
33,43,-0.00042704120000000003
33,44,0.00015321246000000001
33,45,0.00018356400000000002
33,46,-0.00010420111
33,47,-0.0005165692
33,48,0.0011065402000000001
33,49,0.000840481
34,0,0.0010225651
34,1,-0.0010572226
34,2,-0.0009921589999999998
34,3,-0.0007733193
34,4,0.0010840531
34,5,-0.0010485066
34,6,-0.0010298197
34,7,-5.3298194e-05
34,8,0.0009313994
34,9,-0.00026968487999999997
34,10,-0.0007065014
34,11,0.00090471865
34,12,-0.0009737341999999999
34,13,0.00031150382999999997
34,14,0.0017240256
34,15,-0.0020579859
34,16,-0.0005913941
34,17,0.00064466294
34,18,0.0009585272999999999
34,19,-0.0032761558
34,20,-0.0016119004
34,21,-0.003494829
34,22,0.00056430197
34,23,-0.007932489999999986
34,24,-0.00604035
34,25,0.06167172000000001
34,26,-0.007337884499999999
34,27,-0.0012064632000000001
34,28,6.0695922e-05
34,29,-0.0018666873
34,30,0.0009046447
34,31,-0.0015326932
34,32,-0.0013729029000000002
34,33,0.0007178228
34,34,-0.0018393404
34,35,-0.00815455
34,36,-0.00037437817000000005
34,37,-0.0005456496
34,38,-0.008408405
34,39,0.0014916137
34,40,0.00024880748
34,41,0.0015237812
34,42,0.0009245208300000001
34,43,0.000442434
34,44,0.021777257
34,45,0.0006489721
34,46,0.0005477781
34,47,0.00023367534999999999
34,48,-0.0014697347
34,49,0.0015661833
35,0,-0.0015614375
35,1,0.001958061
35,2,-0.0020599365
35,3,0.000349166
35,4,-0.00096265326
35,5,0.0068145413
35,6,0.027638644
35,7,0.026803288999999998
35,8,0.017575089
35,9,0.00062856625
35,10,-0.0016529635
35,11,8.970947e-05
35,12,-0.0011678818
35,13,-0.0013378501
35,14,9.788968e-06
35,15,-0.037811168
35,16,-0.00011658715
35,17,-0.0006782962
35,18,-2.3046043e-05
35,19,-0.0009131092999999999
35,20,0.0010573501
35,21,0.0008494830699999999
35,22,-0.001452849
35,23,0.06098921999999998
35,24,0.05988019
35,25,-0.0022631499999999916
35,26,0.03857020000000003
35,27,-0.0013439372
35,28,-0.00025005214
35,29,0.0008887570599999999
35,30,-0.0013940542
35,31,-0.0007492144
35,32,0.0002106484
35,33,-0.0014911653
35,34,-0.0011553636
35,35,0.0013767515
35,36,-0.00023837877
35,37,-0.012040665
35,38,-0.004377679999999995
35,39,0.017245590000000005
35,40,-0.0015135638
35,41,-0.0010908368
35,42,-0.0008675775
35,43,0.015645318000000002
35,44,0.026516056
35,45,0.02467306
35,46,0.0004958435
35,47,3.549579e-05
35,48,-0.00054098153
35,49,0.0004754307
36,0,0.0010166939
36,1,0.00034159572999999994
36,2,-0.0018375934
36,3,0.00025085612999999995
36,4,0.0010248618
36,5,0.009408147
36,6,0.03133782
36,7,0.029440097999999998
36,8,0.027767627000000003
36,9,0.030630916
36,10,0.0017896160999999998
36,11,-0.00093147985
36,12,0.000113470946
36,13,-0.00030290047
36,14,-0.0016167623000000002
36,15,-0.0013971707000000001
36,16,-0.00016497633999999997
36,17,0.0010925267
36,18,-0.00046958553
36,19,0.0006054076000000001
36,20,0.00058974716
36,21,-6.719073000000001e-05
36,22,0.00017595582
36,23,9.470000000003087e-05
36,24,-0.008860549999999995
36,25,0.04399025000000001
36,26,-0.0009884965
36,27,0.0017710449
36,28,0.0012858859
36,29,-0.0005124252
36,30,0.000623318
36,31,-0.001288055
36,32,0.00046540447999999997
36,33,0.0010994024000000001
36,34,-0.0014348995999999999
36,35,-0.0007796421400000001
36,36,0.14303684200000003
36,37,0.022499990000000025
36,38,0.012390169999999978
36,39,-0.11869948
36,40,0.00033554457999999997
36,41,-0.00047283199999999996
36,42,0.01987455
36,43,0.020112233
36,44,0.00027252849999999997
36,45,0.020616043
36,46,0.0015959465
36,47,-0.0017867045999999998
36,48,-0.00081620633
36,49,-4.6419853000000004e-05
37,0,-0.0011741461
37,1,0.0010804927
37,2,-0.0021479488
37,3,-0.0003683656
37,4,1.25071965e-05
37,5,0.00063668145
37,6,-0.10872187800000002
37,7,0.027971082999999997
37,8,0.028709281
37,9,-0.07085811000000002
37,10,0.026769107
37,11,-0.00084963907
37,12,-0.000116907526
37,13,-0.00041486343000000003
37,14,-0.01789936
37,15,-0.00044380024000000007
37,16,0.00025529566
37,17,0.00020309223000000002
37,18,-0.00019387457999999998
37,19,0.0010582664
37,20,0.0016119329
37,21,-0.0013858514000000001
37,22,0.0009885925
37,23,-0.0018033453
37,24,-0.023585275
37,25,-0.0034965193
37,26,-0.00014505511999999998
37,27,0.0011486169
37,28,-0.0008308311
37,29,-0.00040061667
37,30,-0.0021749842
37,31,0.0014896364999999999
37,32,-0.0024986170000000003
37,33,9.627198e-05
37,34,-0.002016697
37,35,-0.0023767713
37,36,0.012250080000000024
37,37,-0.05004571
37,38,0.13982665400000002
37,39,-0.00043071987000000003
37,40,-3.4515047e-05
37,41,-0.0006041980999999999
37,42,-0.0007705368300000001
37,43,0.0004980741000000001
37,44,-0.00044068944000000005
37,45,0.0018157554
37,46,6.3930405e-05
37,47,-0.0008103876
37,48,0.00027904916000000003
37,49,-0.00057253527
38,0,-0.0013632819000000001
38,1,-0.0006007883
38,2,-0.000309163
38,3,-0.00030995562
38,4,-0.002082124
38,5,0.0016467217
38,6,0.0076358113
38,7,-0.00071315246
38,8,0.027830599999999997
38,9,0.029353808999999998
38,10,0.03443282
38,11,0.02754762
38,12,-0.0012891146
38,13,1.7728988e-05
38,14,0.00018708804
38,15,0.0008970200999999999
38,16,0.00089619786
38,17,-0.0006877138
38,18,0.0017018601000000002
38,19,-0.0008410287
38,20,-0.00032395517000000004
38,21,0.0012408893
38,22,-0.0008884352
38,23,0.00053491327
38,24,-0.0012437749
38,25,0.00041267144999999997
38,26,9.198394e-05
38,27,-0.00022424561
38,28,-0.0016079526000000002
38,29,-0.0005982817400000001
38,30,-0.0010000885
38,31,0.00068770803
38,32,-0.0005806104
38,33,0.00017214217000000002
38,34,-9.215483399999999e-05
38,35,0.0019338439999999999
38,36,-0.00026053734
38,37,0.00031603628
38,38,0.0006667025999999999
38,39,0.0005570051999999999
38,40,0.00034276012
38,41,-0.0009837353
38,42,0.00062331406
38,43,-0.0009449618
38,44,-0.00012814277
38,45,-0.00037014953
38,46,8.52216e-05
38,47,-0.0007320196000000001
38,48,0.0016128927
38,49,-0.0005340896299999999
39,0,-0.002283991
39,1,0.00086146593
39,2,0.0010728013
39,3,-0.0006070728
39,4,0.0007168194
39,5,-0.00083293405
39,6,-0.0005811646
39,7,0.0002631941
39,8,-0.00028761232000000005
39,9,0.00082485785
39,10,0.02670709
39,11,0.049093305999999996
39,12,0.052585494
39,13,-0.00012804882
39,14,-0.0008090974300000001
39,15,0.0010849688
39,16,-0.00034079864
39,17,-0.00027476397
39,18,-0.0016950145
39,19,0.0009262817999999999
39,20,0.0010460847
39,21,0.00036050292
39,22,5.0052420000000003e-05
39,23,-9.794923000000001e-05
39,24,0.00048777994000000007
39,25,0.00022629252999999998
39,26,0.0007460467
39,27,0.001305967
39,28,-0.00012902592
39,29,-0.0004995962400000001
39,30,-0.00012679951
39,31,0.0011678791
39,32,0.0012543978999999999
39,33,0.00035473425
39,34,0.0020697452
39,35,-2.6692811000000003e-05
39,36,0.0016520494
39,37,-0.0027623528000000003
39,38,0.0006206648
39,39,-0.0005301683999999999
39,40,0.00012761587
39,41,0.001978923
39,42,-0.00068949815
39,43,-0.00016123458
39,44,-0.0017551201999999998
39,45,-0.000982482
39,46,0.0016709391
39,47,0.0018871751
39,48,0.0021149996
39,49,-0.0007613917999999999
40,0,-0.00071442506
40,1,0.0005277187000000001
40,2,-0.0013173609
40,3,-0.0009079296
40,4,0.00031508622000000005
40,5,-0.00047723134000000005
40,6,-0.0007576015
40,7,0.00085715606
40,8,-0.00104833
40,9,0.0024033198
40,10,0.00015570852
40,11,0.04518427
40,12,-0.05839166000000001
40,13,0.031196087999999997
40,14,-9.2880626e-05
40,15,0.0014655741000000001
40,16,0.00022254547
40,17,4.3279084e-05
40,18,-0.0018864367999999999
40,19,6.0029182e-05
40,20,-0.00069220015
40,21,-0.0005403168
40,22,-0.0011630559
40,23,-0.0007988947999999999
40,24,0.00041782972000000004
40,25,0.00087500864
40,26,0.0011813992
40,27,-0.0009287563000000001
40,28,0.0003355044
40,29,-0.0021922267
40,30,0.00020724441999999999
40,31,0.00039732502999999996
40,32,0.00043339108
40,33,-0.00023049675
40,34,0.00016865338
40,35,-0.00038919097
40,36,0.0010640435000000001
40,37,-0.00021390384
40,38,0.0014877523999999999
40,39,-0.00029081176
40,40,-0.0018438667000000002
40,41,-0.0016529469
40,42,-0.0009713677
40,43,-8.6764514e-05
40,44,0.00067379186
40,45,-0.0016849793
40,46,0.0012135362
40,47,-0.00061428273
40,48,-1.7364742e-05
40,49,-0.0015564642
41,0,-0.0009792642
41,1,-0.0015526495
41,2,0.00041156542
41,3,-0.0016547444
41,4,-0.0006620690700000001
41,5,-0.0007382881599999999
41,6,0.0017810151999999998
41,7,0.0016693359
41,8,0.00036411185
41,9,0.0012633803
41,10,0.0011424052
41,11,0.021352517999999997
41,12,0.043627594000000006
41,13,0.025093287000000002
41,14,-0.00065887586
41,15,0.0009462078
41,16,0.0015618405999999999
41,17,0.00046734174000000005
41,18,-0.0006595783000000001
41,19,0.0023016953
41,20,-0.0012853316
41,21,-0.0009844413
41,22,-0.00025291450000000003
41,23,0.0025543547
41,24,0.00077211746
41,25,-0.0009847463
41,26,-0.0010006388000000001
41,27,-5.8178032999999995e-05
41,28,-0.0011216166
41,29,0.00018111823
41,30,0.00054238737
41,31,0.00045070302
41,32,-0.0013651779999999999
41,33,-0.0005259101
41,34,0.0010048297999999999
41,35,0.00089646666
41,36,-0.0006641261
41,37,0.00080047705
41,38,0.023831125
41,39,0.00021730968999999998
41,40,-0.00040438233
41,41,-0.00018849471000000002
41,42,0.0020478666
41,43,0.0004285688
41,44,0.0007036502000000001
41,45,-0.00014744113999999998
41,46,0.00037997702000000007
41,47,0.0010692369
41,48,0.001116947
41,49,0.0019064601999999999
42,0,-0.00025145395
42,1,-0.0007285217999999999
42,2,-9.105634e-05
42,3,-0.00033098086999999997
42,4,0.00017229599
42,5,-4.9809867e-05
42,6,0.002613719
42,7,0.000629102
42,8,0.0012999105
42,9,0.00081321015
42,10,-0.0006649396
42,11,0.0010028774
42,12,0.026881482
42,13,0.025578157999999997
42,14,-0.00014104228000000002
42,15,0.00023676816000000003
42,16,-0.0011414813
42,17,0.0010857205
42,18,0.00036023196000000004
42,19,0.0005762761599999999
42,20,0.00040960865
42,21,-0.0010488231
42,22,0.00049384614
42,23,-0.00028017536
42,24,-0.00031718990000000004
42,25,0.0018030291
42,26,-0.0014209639000000002
42,27,0.00061636756
42,28,0.007867685
42,29,0.01642445
42,30,-0.00029557222
42,31,-0.0015713895999999998
42,32,-0.0013015303
42,33,0.0011888606
42,34,-0.00024285882000000001
42,35,0.01704458
42,36,0.024360131
42,37,0.025813463999999998
42,38,0.024707906
42,39,-0.0003801432
42,40,0.00054583384
42,41,-0.00038224714999999994
42,42,-2.7016561999999997e-05
42,43,4.5841793e-05
42,44,-0.0011979122999999999
42,45,0.00031576330000000004
42,46,0.0011648933999999999
42,47,0.0006550208
42,48,0.0019718139
42,49,-0.00043668205
43,0,0.0004918333
43,1,2.5652116e-06
43,2,0.0011787671
43,3,-0.0015212294
43,4,9.3186965e-05
43,5,-0.00032433565
43,6,-0.0007075569999999999
43,7,-0.0009975891
43,8,-0.0007585745
43,9,-0.0011518882
43,10,-0.0011230243
43,11,-0.000937746
43,12,0.020700186000000002
43,13,0.018761095
43,14,-0.00014479639
43,15,-4.3753826e-05
43,16,-0.0001857529
43,17,-0.00040347205
43,18,0.001008905
43,19,0.00072626193
43,20,-0.0007119431
43,21,0.00027043790000000004
43,22,-0.00015538838
43,23,0.0007337136999999999
43,24,-0.0006210871
43,25,0.000186877
43,26,0.011095516000000001
43,27,0.014642222
43,28,0.044455605999999995
43,29,-0.05304386000000001
43,30,-0.04947074000000001
43,31,-0.06889312000000002
43,32,-8.386480499999999e-05
43,33,0.0036154876
43,34,0.024374085
43,35,0.02698017
43,36,0.02831544
43,37,0.03057715
43,38,0.027596325
43,39,0.00010205689000000001
43,40,-0.00019450881999999998
43,41,0.00012357802
43,42,8.741394e-05
43,43,-0.0005642206
43,44,0.0011066160000000002
43,45,0.00042390288
43,46,0.0001249405
43,47,-0.00037841487000000003
43,48,-0.0020446759
43,49,0.00076527894
44,0,-0.0017260261
44,1,4.0583196e-05
44,2,-0.0008617017999999999
44,3,0.0011856377
44,4,-0.0016185903
44,5,-0.0013322801000000002
44,6,-0.00023056974
44,7,-9.323901e-05
44,8,-0.00084138324
44,9,-0.00037006452000000006
44,10,0.0016191948
44,11,-1.8309103e-05
44,12,0.00024652854
44,13,0.00076568197
44,14,-0.00013872152
44,15,-0.0013222614999999999
44,16,0.0013753804000000002
44,17,-0.0008524197999999999
44,18,1.8201070000000002e-05
44,19,-0.0013420321
44,20,0.0007943429
44,21,0.0005725273000000001
44,22,-0.0025057923000000003
44,23,-8.479726999999999e-05
44,24,-0.000116195704
44,25,-0.00011731475000000001
44,26,0.026777012000000003
44,27,-0.01860435000000002
44,28,0.034549599999999986
44,29,-0.02513477
44,30,-0.01874814000000001
44,31,-0.055985880000000016
44,32,-0.060617060000000014
44,33,0.033174425
44,34,0.027755845
44,35,0.02631453
44,36,0.029127944
44,37,0.028582484
44,38,0.029984746
44,39,0.0010475696000000001
44,40,-0.0017949339000000002
44,41,0.0021031676
44,42,-0.0014317951999999999
44,43,0.0007179237
44,44,-0.0016938125
44,45,0.0008690776300000001
44,46,0.0015282071
44,47,-0.0005527868
44,48,-0.0008035045
44,49,0.0008338864999999999
45,0,0.0009639361999999999
45,1,-2.9523391e-05
45,2,-8.169794500000001e-06
45,3,0.00014188833000000002
45,4,-0.00019165443
45,5,-0.0008012017
45,6,-0.00019007287
45,7,-0.002137004
45,8,-0.00035355016
45,9,-0.00048683525999999996
45,10,0.0010432785
45,11,-0.00012585131000000002
45,12,0.0013512132999999999
45,13,0.001114304
45,14,-0.00024947792
45,15,-0.00011244265
45,16,-0.0009041724000000001
45,17,-0.0014467449
45,18,6.386178e-05
45,19,0.0004244162
45,20,-0.0010550519
45,21,0.0016498304999999999
45,22,-0.0019669814999999998
45,23,-0.0016523770999999998
45,24,-0.0004737971
45,25,0.026295045
45,26,-0.06268944500000001
45,27,0.009117679999999989
45,28,-0.022108760000000005
45,29,0.003326180000000012
45,30,0.011207339999999982
45,31,-0.02395008400000001
45,32,-0.08020300400000002
45,33,0.03130076
45,34,0.026704312999999997
45,35,0.008723082
45,36,-9.396987000000001e-06
45,37,0.005699111999999999
45,38,0.027893777999999998
45,39,-0.00033212284
45,40,-0.00031990284
45,41,-0.0018854942000000002
45,42,8.512040999999999e-05
45,43,0.00045228027999999997
45,44,0.002349692
45,45,0.00029686466
45,46,-0.0015247273000000001
45,47,-0.00175029
45,48,-0.00037236
45,49,-8.016551e-05
46,0,-0.002007273
46,1,0.0013767270000000001
46,2,-0.00059713353
46,3,0.00200343
46,4,0.0006203495400000001
46,5,0.0006742502
46,6,0.00045892887000000004
46,7,-0.0009842246000000001
46,8,0.0003330129
46,9,0.0015231435999999998
46,10,0.00019847043
46,11,0.0005483256
46,12,0.0005689398400000001
46,13,0.00024815561
46,14,0.0009707114699999999
46,15,0.0005906237999999999
46,16,-0.0003155211
46,17,-0.00092732266
46,18,-0.00024763994999999996
46,19,0.001268541
46,20,-0.0007834922
46,21,0.0012349811
46,22,0.0019772213
46,23,0.0002349717
46,24,0.011622661000000001
46,25,-0.05748614000000002
46,26,-0.04252639999999999
46,27,0.03762310000000005
46,28,-0.030442729999999973
46,29,-0.04418025999999997
46,30,0.01910566999999999
46,31,-0.04475538000000001
46,32,0.03314619
46,33,0.020606082
46,34,0.020581352
46,35,0.0007041832000000001
46,36,0.0005835605599999999
46,37,0.001041639
46,38,-0.00016602366999999999
46,39,0.00074847083
46,40,-0.00063547096
46,41,-0.0017898842000000001
46,42,0.0007684227300000001
46,43,-0.0005410136699999999
46,44,0.0019231767000000002
46,45,-0.0020790948
46,46,0.00033639347999999997
46,47,-0.00027645425999999997
46,48,-0.0003646015
46,49,0.0016192554000000001
47,0,0.000793207
47,1,-0.00097035867
47,2,0.0012107169
47,3,0.0025825735999999997
47,4,5.4832897e-05
47,5,-0.0018875103
47,6,0.0019217108
47,7,0.0004687109
47,8,-0.00038754963
47,9,0.0017053053
47,10,0.00045380095
47,11,-0.00060764805
47,12,-0.0006224491
47,13,-0.00076388253
47,14,-0.0018036579
47,15,0.0015004445
47,16,0.00032259285
47,17,4.6333356000000006e-05
47,18,-0.000315153
47,19,-0.00035693892
47,20,0.0010464081
47,21,0.00039440126000000005
47,22,0.00092214
47,23,0.0014318334
47,24,0.032830432
47,25,-0.010796870000000014
47,26,-0.06131560999999999
47,27,-0.010089179999999975
47,28,-0.003823949999999965
47,29,-0.002861369999999974
47,30,-0.018108879999999994
47,31,-0.07832914500000002
47,32,0.0030398234000000002
47,33,0.004094807
47,34,0.0012724813
47,35,0.00045034242999999997
47,36,0.0008807037
47,37,0.00027038215
47,38,0.0006069287
47,39,-0.00022642646
47,40,0.0001380202
47,41,0.00033937022000000007
47,42,0.0013248844
47,43,0.0009911074
47,44,0.00024564017
47,45,-0.0018296666
47,46,0.0009816198
47,47,-0.00036078434999999996
47,48,0.0003185554
47,49,6.404612e-05
48,0,0.0029110909
48,1,0.0011841957
48,2,-0.00041644322
48,3,-0.0007612344
48,4,-0.000790459
48,5,-0.00015909085
48,6,-0.00077652076
48,7,0.0004277168799999999
48,8,-0.0004905256
48,9,-0.0010353702
48,10,-0.0014016407
48,11,-0.0009406461999999999
48,12,-0.0008256254400000001
48,13,0.0009903347999999999
48,14,-0.0006099612000000001
48,15,-0.00024965912
48,16,0.0021167977
48,17,-1.0933436e-05
48,18,0.0015396879000000002
48,19,-0.0014990270999999998
48,20,0.0001970731
48,21,0.0010247409
48,22,0.0005091637
48,23,-0.0007036808
48,24,-6.24822e-05
48,25,-0.0018701203
48,26,-0.0004909819999999999
48,27,0.0062651536
48,28,0.0397326
48,29,0.15334839
48,30,-0.03741849
48,31,0.0072952327
48,32,-0.0010254083
48,33,-0.0010182266
48,34,0.0009785594
48,35,0.0018278876
48,36,-0.0009972936
48,37,0.0005513341
48,38,-0.0012715685
48,39,-0.0012505766
48,40,-0.0010956434
48,41,0.00093579
48,42,0.0025896232
48,43,-0.0006347533
48,44,-6.997651999999999e-05
48,45,-0.00017203544999999998
48,46,3.0445837e-05
48,47,0.00080378447
48,48,-0.0008706496
48,49,0.0011760236
49,0,0.00013958581
49,1,-0.0010502867
49,2,-0.00091224944
49,3,-0.0009911241
49,4,-0.0011940568
49,5,0.00089523545
49,6,0.0012385184
49,7,-0.00011766651000000002
49,8,-0.0020770323
49,9,-0.0019167771
49,10,0.001056061
49,11,-0.00022052263
49,12,-0.0012890855
49,13,0.0010477601
49,14,-0.00063744164
49,15,-0.00012411013999999999
49,16,-0.0012886871
49,17,0.0012159572
49,18,0.00034655453
49,19,-0.0012300974
49,20,-0.0018835904
49,21,-0.00043346814000000004
49,22,0.0015275623999999998
49,23,-0.00038162066
49,24,0.0008527066
49,25,0.00046646676
49,26,0.0015637879000000002
49,27,-0.0009770994
49,28,0.0004028111
49,29,9.957008e-05
49,30,-0.00022362292000000002
49,31,-0.0008718085
49,32,0.0009820153999999998
49,33,-0.0008030033
49,34,-9.570171999999998e-05
49,35,-0.0007680454300000001
49,36,-0.0014848579
49,37,-0.00021728981
49,38,-0.00026259746
49,39,0.0010743089999999999
49,40,-0.0010661638
49,41,-0.00040306547
49,42,-0.0007662174000000001
49,43,0.0019050331
49,44,-0.0010324584
49,45,0.0013439535000000001
49,46,-0.00034980022000000003
49,47,0.0005480101000000001
49,48,0.00016861907
49,49,-0.00035147612999999995
